<?xml version="1.0" encoding="UTF-8"?>

<BlockGenus name="count-everyone-with" kind="function"
	initlabel="count everyone with" color="255 0 255">
	<BlockConnectors>
		<BlockConnector connector-kind="plug" connector-type="number"></BlockConnector>
		<BlockConnector connector-kind="socket" connector-type="boolean"></BlockConnector>
	</BlockConnectors>
	<LangSpecProperties>
		<LangSpecProperty key="vm-cmd-name" value="count-everyone-with"></LangSpecProperty>
		<LangSpecProperty key="inline-arg" value="0"></LangSpecProperty>
		<LangSpecProperty key="inline-stack-type" value="breed"></LangSpecProperty>
		<LangSpecProperty key="is-monitorable" value="yes"></LangSpecProperty>
		<LangSpecProperty key="ask-arg" value="0"></LangSpecProperty>
	</LangSpecProperties>
</BlockGenus>

<BlockGenus name="count-everyone" kind="function" initlabel="count everyone"
	color="255 0 255">
	<description>
		<text>
			Reports the number of agents that are currently alive.
		</text>
	</description>
	<BlockConnectors>
		<BlockConnector connector-kind="plug" position-type="mirror"
			connector-type="number"></BlockConnector>
	</BlockConnectors>
	<LangSpecProperties>
		<LangSpecProperty key="vm-cmd-name" value="count-everyone"></LangSpecProperty>
		<LangSpecProperty key="inline-arg" value="0"></LangSpecProperty>
		<LangSpecProperty key="is-monitorable" value="yes"></LangSpecProperty>
	</LangSpecProperties>
</BlockGenus>

<BlockGenus name="if" kind="command" initlabel="分岐" color="255 80 0">
	<BlockConnectors>
		<BlockConnector label="かどうか調べて" connector-kind="socket"
			connector-type="boolean">
			<DefaultArg genus-name="equals-number" label="等しい"></DefaultArg>
		</BlockConnector>
		<BlockConnector label="真のとき" connector-kind="socket"
			connector-type="cmd"></BlockConnector>
	</BlockConnectors>
	<LangSpecProperties>
		<LangSpecProperty key="vm-cmd-name" value="if"></LangSpecProperty>
	</LangSpecProperties>
</BlockGenus>



<BlockGenus name="repeat" kind="command" initlabel="repeat"
	color="255 80 0">
	<description>
		<text>
			Repeats some commands
			<arg n="1" />
			times.
		</text>
		<arg-description n="1" name="times">
			The number of times to
			repeat the command.
		</arg-description>

		<arg-description n="2" name="do">
			The commands to do.
		</arg-description>
	</description>
	<BlockConnectors>
		<BlockConnector label="times" connector-kind="socket"
			connector-type="number"></BlockConnector>
		<BlockConnector label="do" connector-kind="socket"
			connector-type="cmd"></BlockConnector>
	</BlockConnectors>
	<LangSpecProperties>
		<LangSpecProperty key="vm-cmd-name" value="repeat"></LangSpecProperty>
	</LangSpecProperties>
</BlockGenus>

<BlockGenus name="say" kind="command" initlabel="say" color="45 201 255">
	<description>
		<text>
			Causes this agent to "say" the supplied text by popping up a
			speech bubble in SpaceLand.
		</text>
	</description>
	<BlockConnectors>
		<BlockConnector connector-kind="socket" connector-type="poly"></BlockConnector>
	</BlockConnectors>
	<LangSpecProperties>
		<LangSpecProperty key="vm-cmd-name" value="say"></LangSpecProperty>
		<LangSpecProperty key="stack-type" value="breed"></LangSpecProperty>
	</LangSpecProperties>
</BlockGenus>

<BlockGenus name="set-status" kind="command" initlabel="set status"
	color="45 201 255">
	<BlockConnectors>
		<BlockConnector connector-kind="socket" connector-type="string"></BlockConnector>
	</BlockConnectors>
	<LangSpecProperties>
		<LangSpecProperty key="vm-cmd-name" value="set-status"></LangSpecProperty>
	</LangSpecProperties>
</BlockGenus>

<BlockGenus name="to-string" kind="function" initlabel="連結する"
	color="45 201 255">
	<description>
		<text>
			指定したテキストを連結させます。
		</text>
	</description>
	<BlockConnectors>
		<BlockConnector label="" connector-kind="plug"
			connector-type="string"></BlockConnector>
		<BlockConnector connector-kind="socket" connector-type="poly"></BlockConnector>
	</BlockConnectors>
	<LangSpecProperties>
		<LangSpecProperty key="vm-cmd-name" value="to-string"></LangSpecProperty>
		<LangSpecProperty key="is-monitorable" value="yes"></LangSpecProperty>
	</LangSpecProperties>
</BlockGenus>

<BlockGenus name="agent" kind="function" initlabel="" color="0 0 0"
	label-suffix=" of" is-starter="yes" is-terminator="yes">
	<description>
		<text>
			Gets the value of the variable of the agent ID.
		</text>
	</description>
	<BlockConnectors>
		<BlockConnector connector-kind="plug" connector-type="poly"
			position-type="single"></BlockConnector>
		<BlockConnector label="ID" connector-kind="socket"
			connector-type="number" position-type="single"></BlockConnector>
	</BlockConnectors>
	<LangSpecProperties>
		<LangSpecProperty key="is-monitorable" value="yes"></LangSpecProperty>
	</LangSpecProperties>
</BlockGenus>

<BlockGenus name="start" kind="command" initlabel="" color="0 0 0"
	label-prefix="start ">
	<LangSpecProperties>
		<LangSpecProperty key="is-monitorable" value="yes"></LangSpecProperty>
	</LangSpecProperties>
</BlockGenus>

<!-- MATH -->

<BlockGenus name="pi" kind="function" initlabel="π" color="255 0 255">
	<description>
		<text>
			円周率(3.14)です。
		</text>
	</description>
	<BlockConnectors>
		<BlockConnector connector-kind="plug" connector-type="number"
			position-type="mirror"></BlockConnector>
	</BlockConnectors>
	<LangSpecProperties>
		<LangSpecProperty key="vm-cmd-name" value="pi"></LangSpecProperty>
		<LangSpecProperty key="is-monitorable" value="yes"></LangSpecProperty>
	</LangSpecProperties>
</BlockGenus>

<BlockGenus name="e" kind="function" initlabel="e" color="255 0 255">
	<description>
		<text>
			ネイピア数(2.718)です。
		</text>
	</description>
	<BlockConnectors>
		<BlockConnector connector-kind="plug" connector-type="number"
			position-type="mirror"></BlockConnector>
	</BlockConnectors>
	<LangSpecProperties>
		<LangSpecProperty key="vm-cmd-name" value="e"></LangSpecProperty>
		<LangSpecProperty key="is-monitorable" value="yes"></LangSpecProperty>
	</LangSpecProperties>
</BlockGenus>

<!-- MOVEMENT -->

<BlockGenus name="move-up" kind="command" initlabel="up"
	color="255 0 0">
	<description>
		<text>
			Heights of agents increase by
			<arg n="1" />
			steps.
		</text>
		<arg-description n="1" name="steps">
			Number of steps to move
			up.
		</arg-description>
	</description>
	<BlockConnectors>
		<BlockConnector label="steps" connector-kind="socket"
			connector-type="number">
			<DefaultArg genus-name="number" label="1"></DefaultArg>
		</BlockConnector>
	</BlockConnectors>
	<LangSpecProperties>
		<LangSpecProperty key="vm-cmd-name" value="up"></LangSpecProperty>
		<LangSpecProperty key="stack-type" value="breed"></LangSpecProperty>
	</LangSpecProperties>
</BlockGenus>

<BlockGenus name="move-down" kind="command" initlabel="down"
	color="255 0 0">
	<description>
		<text>
			Heights of agents decrease by
			<arg n="1" />
			steps.
		</text>
		<arg-description n="1" name="steps">
			Number of steps to move
			down.
		</arg-description>
	</description>
	<BlockConnectors>
		<BlockConnector label="steps" connector-kind="socket"
			connector-type="number">
			<DefaultArg genus-name="number" label="1"></DefaultArg>
		</BlockConnector>
	</BlockConnectors>
	<LangSpecProperties>
		<LangSpecProperty key="vm-cmd-name" value="down"></LangSpecProperty>
		<LangSpecProperty key="stack-type" value="breed"></LangSpecProperty>
	</LangSpecProperties>
</BlockGenus>

<BlockGenus name="setxy" kind="command" initlabel="set xy"
	color="255 0 0">
	<description>
		<text>Sets the x and y coordinates (a.k.a. position) of an agent
		</text>
	</description>
	<BlockConnectors>
		<BlockConnector label="xcor" connector-kind="socket"
			connector-type="number">
			<DefaultArg genus-name="number" label="0"></DefaultArg>
		</BlockConnector>
		<BlockConnector label="ycor" connector-kind="socket"
			connector-type="number">
			<DefaultArg genus-name="number" label="0"></DefaultArg>
		</BlockConnector>
	</BlockConnectors>
	<LangSpecProperties>
		<LangSpecProperty key="vm-cmd-name" value="setxy"></LangSpecProperty>
		<LangSpecProperty key="stack-type" value="breed"></LangSpecProperty>
	</LangSpecProperties>
</BlockGenus>

<!-- TERRAIN -->

<BlockGenus name="random-color" kind="function" initlabel="random color"
	color="27 180 225">
	<description>
		<text>
			Selects a random color.
		</text>
	</description>
	<BlockConnectors>
		<BlockConnector connector-kind="plug" connector-type="number"
			position-type="mirror"></BlockConnector>
	</BlockConnectors>
	<LangSpecProperties>
		<LangSpecProperty key="vm-cmd-name" value="random-color"></LangSpecProperty>
	</LangSpecProperties>
</BlockGenus>

<BlockGenus name="pc" kind="function" initlabel="patch color"
	color="40 255 0">
	<description>
		<text>Reports the color of the patch where the agent is standing.
		</text>
	</description>
	<BlockConnectors>
		<BlockConnector connector-kind="plug" connector-type="number"
			position-type="mirror"></BlockConnector>
	</BlockConnectors>
	<LangSpecProperties>
		<LangSpecProperty key="vm-cmd-name" value="pc"></LangSpecProperty>
		<LangSpecProperty key="stack-type" value="breed"></LangSpecProperty>
	</LangSpecProperties>
</BlockGenus>

<BlockGenus name="stamp" kind="command" initlabel="stamp"
	color="0 236 0">
	<description>
		<text>
			Changes the color of the patch on which this agent is to
			<arg n="1" />
			.
		</text>
		<arg-description n="1" name="color">
			The color to which to
			change the patch.
		</arg-description>
	</description>
	<BlockConnectors>
		<BlockConnector label="color" connector-kind="socket"
			connector-type="number">
			<DefaultArg genus-name="red" label="red"></DefaultArg>
		</BlockConnector>
	</BlockConnectors>
	<LangSpecProperties>
		<LangSpecProperty key="vm-cmd-name" value="stamp"></LangSpecProperty>
		<LangSpecProperty key="stack-type" value="breed"></LangSpecProperty>
	</LangSpecProperties>
</BlockGenus>

<BlockGenus name="patch-height" kind="function" initlabel="patch height"
	color="40 255 0">
	<description>
		<text>Reports the height of the patch where the agent is standing.
		</text>
	</description>
	<BlockConnectors>
		<BlockConnector connector-kind="plug" connector-type="number"
			position-type="mirror"></BlockConnector>
	</BlockConnectors>
	<LangSpecProperties>
		<LangSpecProperty key="vm-cmd-name" value="patch-height"></LangSpecProperty>
		<LangSpecProperty key="stack-type" value="breed"></LangSpecProperty>
	</LangSpecProperties>
</BlockGenus>
<BlockGenus name="stomp" kind="command" initlabel="stomp"
	color="0 236 0">
	<description>
		<text>Decreases the height of the patch where the agent is standing,
			smoothly connecting the edges to surrounding patches.
		</text>
		<arg-description n="1" name="height">
			How much the patch
			height
			is decreased.
		</arg-description>
	</description>
	<BlockConnectors>
		<BlockConnector label="height" connector-kind="socket"
			connector-type="number">
			<DefaultArg genus-name="number" label="1"></DefaultArg>
		</BlockConnector>
	</BlockConnectors>
	<LangSpecProperties>
		<LangSpecProperty key="vm-cmd-name" value="stomp"></LangSpecProperty>
		<LangSpecProperty key="stack-type" value="breed"></LangSpecProperty>
	</LangSpecProperties>
</BlockGenus>

<BlockGenus name="yank" kind="command" initlabel="yank"
	color="0 236 0">
	<description>
		<text>Increases the height of the patch where the agent is standing,
			smoothly connecting the edges to surrounding patches.
		</text>
		<arg-description n="1" name="height">
			How much the patch
			height
			is increased.
		</arg-description>
	</description>
	<BlockConnectors>
		<BlockConnector label="height" connector-kind="socket"
			connector-type="number">
			<DefaultArg genus-name="number" label="1"></DefaultArg>
		</BlockConnector>
	</BlockConnectors>
	<LangSpecProperties>
		<LangSpecProperty key="vm-cmd-name" value="yank"></LangSpecProperty>
		<LangSpecProperty key="stack-type" value="breed"></LangSpecProperty>
	</LangSpecProperties>
</BlockGenus>

<!-- TRAITS -->



<BlockGenus name="reportc" kind="function" initlabel="color"
	color="44 220 255">
	<description>
		<text>Reports the color of this agent.</text>
	</description>
	<BlockConnectors>
		<BlockConnector connector-kind="plug" connector-type="number"
			position-type="mirror"></BlockConnector>
	</BlockConnectors>
	<LangSpecProperties>
		<LangSpecProperty key="vm-cmd-name" value="agent-color"></LangSpecProperty>
		<LangSpecProperty key="stack-type" value="breed"></LangSpecProperty>
	</LangSpecProperties>
</BlockGenus>

<BlockGenus name="seth" kind="command" initlabel="set heading"
	color="27 180 225">
	<description>
		<text>Sets the heading of this agent to the specified value in
			degrees.
		</text>
	</description>
	<BlockConnectors>
		<BlockConnector connector-kind="socket" connector-type="number">
			<DefaultArg genus-name="number" label="0"></DefaultArg>
		</BlockConnector>
	</BlockConnectors>
	<LangSpecProperties>
		<LangSpecProperty key="vm-cmd-name" value="seth"></LangSpecProperty>
		<LangSpecProperty key="stack-type" value="breed"></LangSpecProperty>
	</LangSpecProperties>
</BlockGenus>

<BlockGenus name="heading" kind="function" initlabel="heading"
	color="44 220 255">
	<description>
		<text>Reports the angle, in degrees, where the agent is heading.
		</text>
	</description>
	<BlockConnectors>
		<BlockConnector connector-kind="plug" connector-type="number"
			position-type="mirror"></BlockConnector>
	</BlockConnectors>
	<LangSpecProperties>
		<LangSpecProperty key="vm-cmd-name" value="heading"></LangSpecProperty>
		<LangSpecProperty key="stack-type" value="breed"></LangSpecProperty>
	</LangSpecProperties>
</BlockGenus>

<BlockGenus name="xcor" kind="function" initlabel="xcor"
	color="44 220 255">
	<description>
		<text>Reports the x coordinate of this agent.</text>
	</description>
	<BlockConnectors>
		<BlockConnector connector-kind="plug" connector-type="number"
			position-type="mirror"></BlockConnector>
	</BlockConnectors>
	<LangSpecProperties>
		<LangSpecProperty key="vm-cmd-name" value="xcor"></LangSpecProperty>
		<LangSpecProperty key="stack-type" value="breed"></LangSpecProperty>
	</LangSpecProperties>
</BlockGenus>

<BlockGenus name="ycor" kind="function" initlabel="ycor"
	color="44 220 255">
	<description>
		<text>Reports the y coordinate of this agent.</text>
	</description>
	<BlockConnectors>
		<BlockConnector connector-kind="plug" connector-type="number"
			position-type="mirror"></BlockConnector>
	</BlockConnectors>
	<LangSpecProperties>
		<LangSpecProperty key="vm-cmd-name" value="ycor"></LangSpecProperty>
		<LangSpecProperty key="stack-type" value="breed"></LangSpecProperty>
	</LangSpecProperties>
</BlockGenus>

<BlockGenus name="scale" kind="function" initlabel="size"
	color="44 220 255">
	<description>
		<text>Reports the size, or scale, of this agent.</text>
	</description>
	<BlockConnectors>
		<BlockConnector connector-kind="plug" connector-type="number"
			position-type="mirror"></BlockConnector>
	</BlockConnectors>
	<LangSpecProperties>
		<LangSpecProperty key="vm-cmd-name" value="agent-scale"></LangSpecProperty>
		<LangSpecProperty key="stack-type" value="breed"></LangSpecProperty>
	</LangSpecProperties>
</BlockGenus>

<BlockGenus name="setscale" kind="command" initlabel="set size"
	color="27 180 225">
	<description>
		<text>Sets the size of this agent's shape.</text>
	</description>
	<BlockConnectors>
		<BlockConnector connector-kind="socket" connector-type="number">
			<DefaultArg genus-name="number" label="1"></DefaultArg>
		</BlockConnector>
	</BlockConnectors>
	<LangSpecProperties>
		<LangSpecProperty key="vm-cmd-name" value="set-scale"></LangSpecProperty>
		<LangSpecProperty key="stack-type" value="breed"></LangSpecProperty>
	</LangSpecProperties>
</BlockGenus>


<BlockGenus name="who" kind="function" initlabel="ID" color="44 220 255">
	<description>
		<text>Reports the ID number, or "ID" of this agent.</text>
	</description>
	<BlockConnectors>
		<BlockConnector connector-kind="plug" connector-type="number"
			position-type="mirror"></BlockConnector>
	</BlockConnectors>
	<LangSpecProperties>
		<LangSpecProperty key="vm-cmd-name" value="who"></LangSpecProperty>
		<LangSpecProperty key="stack-type" value="breed"></LangSpecProperty>
	</LangSpecProperties>
</BlockGenus>

<BlockGenus name="pendown?" kind="function" initlabel="pen down?"
	color="44 220 255">
	<description>
		<text>Reports true if this agent's pen is down, and false otherwise.
		</text>
	</description>
	<BlockConnectors>
		<BlockConnector connector-kind="plug" connector-type="boolean"
			position-type="mirror"></BlockConnector>
	</BlockConnectors>
	<LangSpecProperties>
		<LangSpecProperty key="vm-cmd-name" value="pendown?"></LangSpecProperty>
		<LangSpecProperty key="stack-type" value="breed"></LangSpecProperty>
	</LangSpecProperties>
</BlockGenus>

<BlockGenus name="shape" kind="function" initlabel="shape"
	color="44 220 255">
	<description>
		<text>Reports the shape of this agent.</text>
	</description>
	<BlockConnectors>
		<BlockConnector connector-kind="plug" connector-type="string"
			position-type="mirror"></BlockConnector>
	</BlockConnectors>
	<LangSpecProperties>
		<LangSpecProperty key="vm-cmd-name" value="shape"></LangSpecProperty>
		<LangSpecProperty key="stack-type" value="breed"></LangSpecProperty>
	</LangSpecProperties>
</BlockGenus>

<BlockGenus name="breed" kind="function" initlabel="breed"
	color="44 220 255">
	<description>
		<text>Reports the breed of this agent.</text>
	</description>
	<BlockConnectors>
		<BlockConnector connector-kind="plug" connector-type="string"
			position-type="mirror"></BlockConnector>
	</BlockConnectors>
	<LangSpecProperties>
		<LangSpecProperty key="vm-cmd-name" value="breed"></LangSpecProperty>
		<LangSpecProperty key="stack-type" value="breed"></LangSpecProperty>
	</LangSpecProperties>
</BlockGenus>

<BlockGenus name="setshape" kind="command" initlabel="set shape"
	color="27 180 225">
	<description>
		<text>
			Causes this agent to change its shape to the supplied shape.
		</text>
		<arg-description n="1" name="string" doc-name="string">
			The
			shape
		</arg-description>
	</description>
	<BlockConnectors>
		<BlockConnector connector-kind="socket" connector-type="string"></BlockConnector>
	</BlockConnectors>
	<LangSpecProperties>
		<LangSpecProperty key="vm-cmd-name" value="setshape"></LangSpecProperty>
		<LangSpecProperty key="stack-type" value="breed"></LangSpecProperty>
	</LangSpecProperties>
</BlockGenus>

<BlockGenus name="setbreed" kind="command" initlabel="set breed"
	color="27 180 225">
	<description>
		<text>
			Causes this agent to change its breed to the supplied breed.
		</text>
		<arg-description n="1" name="string" doc-name="string">
			The
			name
			of the new breed.
		</arg-description>
	</description>
	<BlockConnectors>
		<BlockConnector connector-kind="socket" connector-type="string"></BlockConnector>
	</BlockConnectors>
	<LangSpecProperties>
		<LangSpecProperty key="vm-cmd-name" value="setbreed"></LangSpecProperty>
		<LangSpecProperty key="stack-type" value="breed"></LangSpecProperty>
	</LangSpecProperties>
</BlockGenus>

<!-- CONTROLS -->

<BlockGenus name="keyboard-up" kind="data" initlabel="keyboard up arrow?"
	color="255 255 0">
	<description>
		<text>
			Reports whether the up arrow key is being pressed.
			<note>Arrow keys have a drop down menu that allow you to select
				other
				arrow keys.
			</note>
		</text>
	</description>
	<BlockConnectors>
		<BlockConnector connector-kind="plug" connector-type="boolean"
			position-type="mirror"></BlockConnector>
	</BlockConnectors>
	<LangSpecProperties>
		<LangSpecProperty key="vm-cmd-name" value="keyboard-up"></LangSpecProperty>
		<LangSpecProperty key="is-monitorable" value="yes"></LangSpecProperty>
	</LangSpecProperties>
</BlockGenus>

<BlockGenus name="keyboard-down" kind="data" initlabel="keyboard down arrow?"
	color="255 255 0">
	<description>
		<text>
			Reports whether the down arrow key is being pressed.
			<note>Arrow keys have a drop down menu that allow you to select
				other
				arrow keys.
			</note>
		</text>
	</description>
	<BlockConnectors>
		<BlockConnector connector-kind="plug" connector-type="boolean"
			position-type="mirror"></BlockConnector>
	</BlockConnectors>
	<LangSpecProperties>
		<LangSpecProperty key="vm-cmd-name" value="keyboard-down"></LangSpecProperty>
		<LangSpecProperty key="is-monitorable" value="yes"></LangSpecProperty>
	</LangSpecProperties>
</BlockGenus>

<BlockGenus name="keyboard-left" kind="data" initlabel="keyboard left arrow?"
	color="255 255 0">
	<description>
		<text>
			Reports whether the left arrow key is being pressed.
			<note>Arrow keys have a drop down menu that allow you to select
				other
				arrow keys.
			</note>
		</text>
	</description>
	<BlockConnectors>
		<BlockConnector connector-kind="plug" connector-type="boolean"
			position-type="mirror"></BlockConnector>
	</BlockConnectors>
	<LangSpecProperties>
		<LangSpecProperty key="vm-cmd-name" value="keyboard-left"></LangSpecProperty>
		<LangSpecProperty key="is-monitorable" value="yes"></LangSpecProperty>
	</LangSpecProperties>
</BlockGenus>

<BlockGenus name="keyboard-right" kind="data"
	initlabel="keyboard right arrow?" color="255 255 0">
	<description>
		<text>
			Reports whether the right arrow key is being pressed.
			<note>Arrow keys have a drop down menu that allow you to select
				other
				arrow keys.
			</note>
		</text>
	</description>
	<BlockConnectors>
		<BlockConnector connector-kind="plug" connector-type="boolean"
			position-type="mirror"></BlockConnector>
	</BlockConnectors>
	<LangSpecProperties>
		<LangSpecProperty key="vm-cmd-name" value="keyboard-right"></LangSpecProperty>
		<LangSpecProperty key="is-monitorable" value="yes"></LangSpecProperty>
	</LangSpecProperties>
</BlockGenus>

<BlockGenus name="keyboard-space" kind="data" initlabel="keyboard space bar?"
	color="255 255 0">
	<description>
		<text>
			Reports whether the space bar is being pressed.
		</text>
	</description>
	<BlockConnectors>
		<BlockConnector connector-kind="plug" connector-type="boolean"
			position-type="mirror"></BlockConnector>
	</BlockConnectors>
	<LangSpecProperties>
		<LangSpecProperty key="vm-cmd-name" value="keyboard-space"></LangSpecProperty>
		<LangSpecProperty key="is-monitorable" value="yes"></LangSpecProperty>
	</LangSpecProperties>
</BlockGenus>

<BlockGenus name="joy-xaxis" kind="function" initlabel="joy x-axis"
	color="255 255 0">
	<description>
		<text>
			Reports the current position along the x-axis of the joystick.
			Reports -1 at the extreme left position and +1 at the extreme
			right.
		</text>
	</description>
	<BlockConnectors>
		<BlockConnector connector-kind="plug" connector-type="number"
			position-type="mirror"></BlockConnector>
	</BlockConnectors>
	<LangSpecProperties>
		<LangSpecProperty key="vm-cmd-name" value="joy-xaxis"></LangSpecProperty>
		<LangSpecProperty key="is-monitorable" value="yes"></LangSpecProperty>
	</LangSpecProperties>
</BlockGenus>

<BlockGenus name="joy-yaxis" kind="function" initlabel="joy y-axis"
	color="255 255 0">
	<description>
		<text>
			Reports the current position along the y-axis of the joystick.
			Reports -10 at the extreme left position and +10 at the extreme
			right.
		</text>
	</description>
	<BlockConnectors>
		<BlockConnector connector-kind="plug" connector-type="number"
			position-type="mirror"></BlockConnector>
	</BlockConnectors>
	<LangSpecProperties>
		<LangSpecProperty key="vm-cmd-name" value="joy-yaxis"></LangSpecProperty>
		<LangSpecProperty key="is-monitorable" value="yes"></LangSpecProperty>
	</LangSpecProperties>
</BlockGenus>

<BlockGenus name="joy-radius" kind="function" initlabel="joy radius"
	color="255 255 0">
	<description>
		<text>
			Reports the current radius of the position of the joystick.
			Reports 0 when the joystick is in the center and 1 when it is full
			deflected in any direction.
		</text>
	</description>
	<BlockConnectors>
		<BlockConnector connector-kind="plug" connector-type="number"
			position-type="mirror"></BlockConnector>
	</BlockConnectors>
	<LangSpecProperties>
		<LangSpecProperty key="vm-cmd-name" value="joy-radius"></LangSpecProperty>
		<LangSpecProperty key="is-monitorable" value="yes"></LangSpecProperty>
	</LangSpecProperties>
</BlockGenus>

<BlockGenus name="joy-angle" kind="function" initlabel="joy angle"
	color="255 255 0">
	<description>
		<text>
			Reports the current angle in degrees that the joystick is at,
			with 0 at the top and 180 at the bottom.
		</text>
	</description>
	<BlockConnectors>
		<BlockConnector connector-kind="plug" connector-type="number"
			position-type="mirror"></BlockConnector>
	</BlockConnectors>
	<LangSpecProperties>
		<LangSpecProperty key="vm-cmd-name" value="joy-angle"></LangSpecProperty>
		<LangSpecProperty key="is-monitorable" value="yes"></LangSpecProperty>
	</LangSpecProperties>
</BlockGenus>

<BlockGenus name="dpad-angle" kind="function" initlabel="dpad angle"
	color="255 255 0">
	<description>
		<text>
			Reports the angle in degrees of the direction pad on a
			gamepad.
		</text>
	</description>
	<BlockConnectors>
		<BlockConnector connector-kind="plug" connector-type="number"
			position-type="mirror"></BlockConnector>
	</BlockConnectors>
	<LangSpecProperties>
		<LangSpecProperty key="vm-cmd-name" value="dpad-angle"></LangSpecProperty>
		<LangSpecProperty key="is-monitorable" value="yes"></LangSpecProperty>
	</LangSpecProperties>
</BlockGenus>

<BlockGenus name="joy-button1?" kind="function" initlabel="button 1?"
	color="255 255 0">
	<description>
		<text>
			Reports
			<em>true</em>
			if the first joystick button is down and
			<em>false</em>
			if it is not.
		</text>
	</description>
	<BlockConnectors>
		<BlockConnector connector-kind="plug" connector-type="boolean"
			position-type="mirror"></BlockConnector>
	</BlockConnectors>
	<LangSpecProperties>
		<LangSpecProperty key="vm-cmd-name" value="joy-button-1?"></LangSpecProperty>
		<LangSpecProperty key="is-monitorable" value="yes"></LangSpecProperty>
	</LangSpecProperties>
</BlockGenus>

<BlockGenus name="joy-button2?" kind="function" initlabel="button 2?"
	color="255 255 0">
	<description>
		<text>
			Reports
			<em>true</em>
			if the second joystick button is down and
			<em>false</em>
			if it is not.
		</text>
	</description>
	<BlockConnectors>
		<BlockConnector connector-kind="plug" connector-type="boolean"
			position-type="mirror"></BlockConnector>
	</BlockConnectors>
	<LangSpecProperties>
		<LangSpecProperty key="vm-cmd-name" value="joy-button-2?"></LangSpecProperty>
		<LangSpecProperty key="is-monitorable" value="yes"></LangSpecProperty>
	</LangSpecProperties>
</BlockGenus>

<BlockGenus name="joy-button3?" kind="function" initlabel="button 3?"
	color="255 255 0">
	<description>
		<text>
			Reports
			<em>true</em>
			if the third joystick button is down and
			<em>false</em>
			if it is not.
		</text>
	</description>
	<BlockConnectors>
		<BlockConnector connector-kind="plug" connector-type="boolean"
			position-type="mirror"></BlockConnector>
	</BlockConnectors>
	<LangSpecProperties>
		<LangSpecProperty key="vm-cmd-name" value="joy-button-3?"></LangSpecProperty>
		<LangSpecProperty key="is-monitorable" value="yes"></LangSpecProperty>
	</LangSpecProperties>
</BlockGenus>

<BlockGenus name="joy-button4?" kind="function" initlabel="button 4?"
	color="255 255 0">
	<description>
		<text>
			Reports
			<em>true</em>
			if the fourth joystick button is down and
			<em>false</em>
			if it is not.
		</text>
	</description>
	<BlockConnectors>
		<BlockConnector connector-kind="plug" connector-type="boolean"
			position-type="mirror"></BlockConnector>
	</BlockConnectors>
	<LangSpecProperties>
		<LangSpecProperty key="vm-cmd-name" value="joy-button-4?"></LangSpecProperty>
		<LangSpecProperty key="is-monitorable" value="yes"></LangSpecProperty>
	</LangSpecProperties>
</BlockGenus>

<BlockGenus name="set-agent-camera" kind="command" initlabel="set agent camera"
	color="255 255 0">
	<description>
		<text>
			If
			<arg n="1" />
			is the ID number of a live agent, that agent will run the blocks
			attached to
			<arg n="2" />
		</text>
		<arg-description n="1" name="ID">
			The ID of the agent
			being
			asked to run something.
		</arg-description>

		<arg-description n="2" name="then">
			The set of instructions
			that is run when by the asked agent.
		</arg-description>
	</description>
	<BlockConnectors>
		<BlockConnector connector-kind="socket" connector-type="number"></BlockConnector>
	</BlockConnectors>
	<LangSpecProperties>
		<LangSpecProperty key="vm-cmd-name" value="set-agent-camera"></LangSpecProperty>
		<LangSpecProperty key="is-monitorable" value="yes"></LangSpecProperty>
	</LangSpecProperties>
</BlockGenus>

<BlockGenus name="who-of-agent-camera" kind="function"
	initlabel="ID of agent camera" color="255 255 0">
	<description>
		<text>
			Reports the ID number of the agent that is currently being
			followed by the camera.
		</text>
	</description>
	<BlockConnectors>
		<BlockConnector connector-kind="plug" connector-type="number"
			position-type="mirror"></BlockConnector>
	</BlockConnectors>
	<LangSpecProperties>
		<LangSpecProperty key="vm-cmd-name" value="who-of-agent-camera"></LangSpecProperty>
		<LangSpecProperty key="is-monitorable" value="yes"></LangSpecProperty>
	</LangSpecProperties>
</BlockGenus>

<BlockGenus name="over-shoulder?" kind="function" initlabel="over shoulder?"
	color="255 255 0">
	<description>
		<text>
			Reports whether over-the-soulder view is on.
		</text>
	</description>
	<BlockConnectors>
		<BlockConnector connector-kind="plug" connector-type="boolean"
			position-type="mirror"></BlockConnector>
	</BlockConnectors>
	<LangSpecProperties>
		<LangSpecProperty key="vm-cmd-name" value="over-shoulder?"></LangSpecProperty>
		<LangSpecProperty key="is-monitorable" value="yes"></LangSpecProperty>
	</LangSpecProperties>
</BlockGenus>

<BlockGenus name="over-shoulder-on" kind="command" initlabel="over shoulder"
	color="255 255 0">
	<description>
		<text>
			Turns the over-the-shoulder view on.
		</text>
	</description>
	<BlockConnectors>
	</BlockConnectors>
	<LangSpecProperties>
		<LangSpecProperty key="vm-cmd-name" value="over-shoulder-on"></LangSpecProperty>
	</LangSpecProperties>
</BlockGenus>

<BlockGenus name="agent-eye?" kind="function" initlabel="agent eye?"
	color="255 255 0">
	<description>
		<text>
			Reports whether agent-eye view is on.
		</text>
	</description>
	<BlockConnectors>
		<BlockConnector connector-kind="plug" connector-type="boolean"
			position-type="mirror"></BlockConnector>
	</BlockConnectors>
	<LangSpecProperties>
		<LangSpecProperty key="vm-cmd-name" value="agent-eye?"></LangSpecProperty>
		<LangSpecProperty key="is-monitorable" value="yes"></LangSpecProperty>
	</LangSpecProperties>
</BlockGenus>

<BlockGenus name="agent-eye-on" kind="command" initlabel="agent eye"
	color="255 255 0">
	<description>
		<text>
			Turns the agent-eye view on.
		</text>
	</description>
	<BlockConnectors>
	</BlockConnectors>
	<LangSpecProperties>
		<LangSpecProperty key="vm-cmd-name" value="agent-eye-on"></LangSpecProperty>
	</LangSpecProperties>
</BlockGenus>

<BlockGenus name="aerial?" kind="function" initlabel="aerial?"
	color="255 255 0">
	<description>
		<text>
			Returns
			<em>true</em>
			if the aerial camera view is on and
			<em>false</em>
			if it is off.
		</text>
	</description>
	<BlockConnectors>
		<BlockConnector connector-kind="plug" connector-type="boolean"
			position-type="mirror"></BlockConnector>
	</BlockConnectors>
	<LangSpecProperties>
		<LangSpecProperty key="vm-cmd-name" value="aerial?"></LangSpecProperty>
		<LangSpecProperty key="is-monitorable" value="yes"></LangSpecProperty>
	</LangSpecProperties>
</BlockGenus>

<BlockGenus name="aerial-on" kind="command" initlabel="aerial"
	color="255 255 0">
	<description>
		<text>
			Turns the agent-eye view on.
		</text>
	</description>
	<BlockConnectors>
	</BlockConnectors>
	<LangSpecProperties>
		<LangSpecProperty key="vm-cmd-name" value="aerial-on"></LangSpecProperty>
	</LangSpecProperties>
</BlockGenus>

<BlockGenus name="overhead?" kind="function" initlabel="overhead?"
	color="255 255 0">
	<description>
		<text>
			Returns
			<em>true</em>
			if the overhead camera view is on and
			<em>false</em>
			if it is off.
		</text>
	</description>
	<BlockConnectors>
		<BlockConnector connector-kind="plug" connector-type="boolean"
			position-type="mirror"></BlockConnector>
	</BlockConnectors>
	<LangSpecProperties>
		<LangSpecProperty key="vm-cmd-name" value="overhead?"></LangSpecProperty>
		<LangSpecProperty key="is-monitorable" value="yes"></LangSpecProperty>
	</LangSpecProperties>
</BlockGenus>

<BlockGenus name="overhead-on" kind="command" initlabel="overhead on"
	color="255 255 0">
	<description>
		<text>
			Turns
			<em>overhead</em>
			camera mode on. This is a 2D aerial view of the entire spaceland
			with
			map view turned on.
		</text>
	</description>
	<BlockConnectors>
	</BlockConnectors>
	<LangSpecProperties>
		<LangSpecProperty key="vm-cmd-name" value="overhead-on"></LangSpecProperty>
	</LangSpecProperties>
</BlockGenus>

<BlockGenus name="overhead-off" kind="command" initlabel="overhead off"
	color="255 255 0">
	<description>
		<text>
			Turns
			<em>overhead</em>
			camera mode off and goes back to the previous camera view.
		</text>
	</description>
	<BlockConnectors>
	</BlockConnectors>
	<LangSpecProperties>
		<LangSpecProperty key="vm-cmd-name" value="overhead-off"></LangSpecProperty>
	</LangSpecProperties>
</BlockGenus>


<!-- SETUP AND RUNTIME BLOCKS -->

<!-- NOTE: The genus names "forever", "runonce", and "runforsometime" is 
	duplicated in RunBlockManager.java, if you change this name, make sure to 
	change it there too. -->
<BlockGenus name="forever" kind="command" initlabel="forever"
	editable-label="yes" label-unique="yes" is-starter="yes" is-terminator="yes"
	color="139 0 0" is-label-value="no" page-label-enabled="no">
	<description>
		<text>
			When switched on, agents do commands over and over.
			<note>There are different commands for each breed.</note>
		</text>
		<arg-description n="1" name="agents" doc-name="breed">
			The
			breed of the agents performing the commands attached here.
		</arg-description>
	</description>
	<BlockConnectors>
		<BlockConnector label="" connector-kind="socket"
			connector-type="cmd"></BlockConnector>
	</BlockConnectors>
	<Images>
		<Image block-location="southwest" image-editable="yes" width="15"
			height="15">
			<FileLocation>support/forever_switch_on.png</FileLocation>
		</Image>
	</Images>
	<LangSpecProperties>
		<LangSpecProperty key="runtime-type" value="forever"></LangSpecProperty>
		<LangSpecProperty key="is-owned-by-breed" value="yes"></LangSpecProperty>
		<LangSpecProperty key="has-runtime-equiv" value="yes"></LangSpecProperty>
		<LangSpecProperty key="stack-type" value="breed-forever"></LangSpecProperty>
	</LangSpecProperties>
</BlockGenus>

<BlockGenus name="runtime-forever" kind="command" initlabel="forever"
	is-starter="yes" is-terminator="yes" color="139 0 0">
	<description>
		<text>
			When switched on, agents do commands over and over.
			<note>There are different commands for each breed.</note>
		</text>
	</description>
	<LangSpecProperties>
		<LangSpecProperty key="runtime-type" value="forever"></LangSpecProperty>
		<LangSpecProperty key="has-runtime-equiv" value="yes"></LangSpecProperty>
	</LangSpecProperties>
</BlockGenus>

<BlockGenus name="runonce" kind="command" initlabel="run once"
	editable-label="yes" label-unique="yes" is-starter="yes" is-terminator="yes"
	color="139 0 0">
	<description>
		<text>
			When switched on, agents do commands once.
			<note>There are different commands for each breed.</note>
		</text>
		<arg-description n="1" name="agents" doc-name="breed">
			The
			breed of the agents performing the commands attached here.
		</arg-description>
	</description>
	<BlockConnectors>
		<BlockConnector label="" connector-kind="socket"
			connector-type="cmd"></BlockConnector>
	</BlockConnectors>
	<Images>
		<Image block-location="southwest" image-editable="yes" width="15"
			height="15">
			<FileLocation>support/forever_switch_on.png</FileLocation>
		</Image>
	</Images>
	<LangSpecProperties>
		<LangSpecProperty key="runtime-type" value="runonce"></LangSpecProperty>
		<LangSpecProperty key="is-owned-by-breed" value="yes"></LangSpecProperty>
		<LangSpecProperty key="has-runtime-equiv" value="yes"></LangSpecProperty>
		<LangSpecProperty key="stack-type" value="breed-forever"></LangSpecProperty>
	</LangSpecProperties>
</BlockGenus>

<BlockGenus name="runtime-once" kind="command" initlabel="run once"
	is-starter="yes" is-terminator="yes" color="139 0 0">
	<description>
		<text>
			When switched on, agents do commands once.
			<note>There are different commands for each breed.</note>
		</text>
	</description>
	<LangSpecProperties>
		<LangSpecProperty key="runtime-type" value="runonce"></LangSpecProperty>
		<LangSpecProperty key="has-runtime-equiv" value="yes"></LangSpecProperty>
	</LangSpecProperties>
</BlockGenus>

<BlockGenus name="runforsometime" kind="command" initlabel="run"
	editable-label="yes" label-unique="yes" is-starter="yes" is-terminator="yes"
	color="139 0 0">
	<description>
		<text>
			When switched on, agents do commands over and over for
			<arg n="1" />
			seconds.
			<note>There are different commands for each breed.</note>
		</text>

		<arg-description n="1" name="secs">
			The number of seconds
			for
			which the commands are run when switched on.
		</arg-description>

		<arg-description n="2" name="agents" doc-name="breed">
			The
			breed of the agents performing the commands attached here.
		</arg-description>
	</description>
	<BlockConnectors>
		<BlockConnector label="secs" connector-kind="socket"
			connector-type="number">
		</BlockConnector>
		<BlockConnector connector-kind="socket" connector-type="cmd"></BlockConnector>
	</BlockConnectors>
	<Images>
		<Image block-location="southwest" image-editable="yes" width="15"
			height="15">
			<FileLocation>support/forever_switch_on.png</FileLocation>
		</Image>
	</Images>
	<LangSpecProperties>
		<LangSpecProperty key="runtime-type" value="runforsometime"></LangSpecProperty>
		<LangSpecProperty key="is-owned-by-breed" value="yes"></LangSpecProperty>
		<LangSpecProperty key="has-runtime-equiv" value="yes"></LangSpecProperty>
		<LangSpecProperty key="stack-type" value="breed-forever"></LangSpecProperty>
	</LangSpecProperties>
</BlockGenus>

<BlockGenus name="runtime-sometime" kind="command" initlabel="run"
	is-starter="yes" is-terminator="yes" color="139 0 0">
	<description>
		<text>
			When switched on, agents do commands over and over for a number of
			seconds.
			<note>There are different commands for each breed.</note>
		</text>
	</description>
	<LangSpecProperties>
		<LangSpecProperty key="runtime-type" value="runforsometime"></LangSpecProperty>
		<LangSpecProperty key="has-runtime-equiv" value="yes"></LangSpecProperty>
	</LangSpecProperties>
</BlockGenus>

<BlockGenus name="setup" kind="command" initlabel="setup"
	editable-label="yes" label-unique="yes" is-starter="yes" is-terminator="yes"
	color="139 0 0">
	<description>
		<text>
			This block serves as a wrapper around blocks that set up a
			model.
		</text>
	</description>
	<BlockConnectors>
		<BlockConnector connector-kind="socket" connector-type="cmd"></BlockConnector>
	</BlockConnectors>
	<LangSpecProperties>
		<LangSpecProperty key="is-setup" value="yes"></LangSpecProperty>
		<LangSpecProperty key="has-runtime-equiv" value="yes"></LangSpecProperty>
		<LangSpecProperty key="stack-type" value="setup"></LangSpecProperty>
	</LangSpecProperties>
</BlockGenus>

<BlockGenus name="runtime-setup" kind="command" initlabel="setup"
	is-starter="yes" is-terminator="yes" color="139 0 0">
	<description>
		<text>
			This block serves as a wrapper around blocks that set up a
			model.
		</text>
	</description>
	<LangSpecProperties>
		<LangSpecProperty key="is-runtime" value="yes"></LangSpecProperty>
	</LangSpecProperties>
</BlockGenus>

<BlockGenus name="monitor" kind="command" initlabel="monitor"
	editable-label="yes" label-unique="yes" is-starter="yes" is-terminator="yes"
	color="139 0 0">
	<description>
		<text>
			A block used to define a monitor. Mointors appear in the
			runtime
			space where they dynamically report a value.
		</text>
	</description>
	<BlockConnectors>
		<BlockConnector connector-kind="socket" connector-type="poly"></BlockConnector>
	</BlockConnectors>
	<LangSpecProperties>
		<LangSpecProperty key="is-monitor" value="yes"></LangSpecProperty>
		<LangSpecProperty key="has-runtime-equiv" value="yes"></LangSpecProperty>
		<LangSpecProperty key="stack-type" value="monitor"></LangSpecProperty>
	</LangSpecProperties>
</BlockGenus>

<BlockGenus name="runtime-monitor" kind="command" initlabel="monitor"
	is-starter="yes" is-terminator="yes" color="139 0 0">
	<description>
		<text>
			A block used to define a monitor. Mointors appear in the
			runtime
			space where they dynamically report a value.
		</text>
	</description>
	<LangSpecProperties>
		<LangSpecProperty key="is-runtime" value="yes"></LangSpecProperty>
	</LangSpecProperties>
</BlockGenus>

<BlockGenus name="slider" kind="command" initlabel="slider"
	editable-label="yes" label-unique="yes" is-starter="yes" is-terminator="yes"
	color="139 0 0">
	<description>
		<text>
			A block used to define a slider. Sliders appear in the runtime
			space where you can dynamically change the value of its attached
			shared number variable.
		</text>
	</description>
	<BlockConnectors>
		<BlockConnector connector-kind="socket" connector-type="number-inv"></BlockConnector>
	</BlockConnectors>
	<LangSpecProperties>
		<LangSpecProperty key="is-slider" value="yes"></LangSpecProperty>
		<LangSpecProperty key="has-runtime-equiv" value="yes"></LangSpecProperty>
		<LangSpecProperty key="stack-type" value="monitor"></LangSpecProperty>
	</LangSpecProperties>
</BlockGenus>

<BlockGenus name="runtime-slider" kind="command" initlabel="slider"
	is-starter="yes" is-terminator="yes" color="139 0 0">
	<description>
		<text>
			Use the slider to change the value of this slider's attached
			shared number variable.
		</text>
	</description>
	<LangSpecProperties>
		<LangSpecProperty key="is-runtime" value="yes"></LangSpecProperty>
	</LangSpecProperties>
</BlockGenus>

<BlockGenus name="table" kind="command" initlabel="table"
	editable-label="yes" label-unique="yes" is-starter="yes" is-terminator="yes"
	color="139 0 0">
	<description>
		<text>
			Defines a table that appears in the runtime space. Each input
			to
			its sockets describes a series in the graph. Values are graphed
			against time.
		</text>
		<arg-description n="1" name="data">
			Data values to be
			graphed.
		</arg-description>
	</description>
	<BlockConnectors>
		<BlockConnector label="data" connector-kind="socket"
			connector-type="number" label-editable="yes" is-expandable="yes"></BlockConnector>
	</BlockConnectors>
	<LangSpecProperties>
		<LangSpecProperty key="is-table" value="yes"></LangSpecProperty>
		<LangSpecProperty key="has-runtime-equiv" value="yes"></LangSpecProperty>
		<LangSpecProperty key="stack-type" value="monitor"></LangSpecProperty>
	</LangSpecProperties>
</BlockGenus>

<BlockGenus name="runtime-table" kind="command" initlabel="table"
	is-starter="yes" is-terminator="yes" color="139 0 0">
	<description>
		<text>
			Use the table to moniter the value of this graph's attached
			shared variable.
		</text>
	</description>
	<LangSpecProperties>
		<LangSpecProperty key="is-runtime" value="yes"></LangSpecProperty>
		<LangSpecProperty key="is-runtime-table" value="yes"></LangSpecProperty>
	</LangSpecProperties>
</BlockGenus>

<BlockGenus name="line-graph" kind="command" initlabel="line graph"
	editable-label="yes" label-unique="yes" is-starter="yes" is-terminator="yes"
	color="139 0 0">
	<description>
		<text>
			Defines a line graph that appears in the runtime space. Each
			input to its sockets describes a series in the graph. Values are
			graphed against time.
		</text>
		<arg-description n="1" name="data">
			Data values to be
			graphed.
		</arg-description>
	</description>
	<BlockConnectors>
		<BlockConnector label="data" connector-kind="socket"
			connector-type="number" label-editable="yes" is-expandable="yes"></BlockConnector>
	</BlockConnectors>
	<LangSpecProperties>
		<LangSpecProperty key="is-line-graph" value="yes"></LangSpecProperty>
		<LangSpecProperty key="has-runtime-equiv" value="yes"></LangSpecProperty>
		<LangSpecProperty key="stack-type" value="monitor"></LangSpecProperty>
	</LangSpecProperties>
</BlockGenus>

<BlockGenus name="runtime-line-graph" kind="command"
	initlabel="line graph" is-starter="yes" is-terminator="yes" color="139 0 0">
	<description>
		<text>
			Use the line graph to moniter the value of this graph's
			attached
			shared variable.
		</text>
	</description>
	<LangSpecProperties>
		<LangSpecProperty key="is-runtime" value="yes"></LangSpecProperty>
		<LangSpecProperty key="is-runtime-line-graph" value="yes"></LangSpecProperty>
	</LangSpecProperties>
</BlockGenus>

<BlockGenus name="bar-graph" kind="command" initlabel="bar graph"
	editable-label="yes" label-unique="yes" is-starter="yes" is-terminator="yes"
	color="139 0 0">
	<description>
		<text>
			Defines a bar graph that appears in the runtime space. Each
			input to its sockets describes a series in the graph. Values in the
			graph may change dynamically over time.
		</text>
		<arg-description n="1" name="data">
			Data values to be
			graphed.
		</arg-description>
	</description>
	<BlockConnectors>
		<BlockConnector label="data" connector-kind="socket"
			connector-type="number" label-editable="yes" is-expandable="yes"></BlockConnector>
	</BlockConnectors>
	<LangSpecProperties>
		<LangSpecProperty key="is-bar-graph" value="yes"></LangSpecProperty>
		<LangSpecProperty key="has-runtime-equiv" value="yes"></LangSpecProperty>
		<LangSpecProperty key="stack-type" value="monitor"></LangSpecProperty>
	</LangSpecProperties>
</BlockGenus>

<BlockGenus name="runtime-bar-graph" kind="command"
	initlabel="bar graph" is-starter="yes" is-terminator="yes" color="139 0 0">
	<description>
		<text>
			Use the bar graph to moniter the value of this graph's
			attached
			shared variable.
		</text>
	</description>
	<LangSpecProperties>
		<LangSpecProperty key="is-runtime" value="yes"></LangSpecProperty>
		<LangSpecProperty key="is-runtime-bar-graph" value="yes"></LangSpecProperty>
	</LangSpecProperties>
</BlockGenus>

<BlockGenus name="clear-all" kind="command" initlabel="clear all"
	color="139 0 0">
	<description>
		<text>
			Resets the terrain to flat and green, and kills all of the
			agents in SpaceLand.
		</text>
	</description>
	<LangSpecProperties>
		<LangSpecProperty key="vm-cmd-name" value="ca"></LangSpecProperty>
		<LangSpecProperty key="is-setup-block" value="yes"></LangSpecProperty>
		<LangSpecProperty key="stack-type" value="setup"></LangSpecProperty>
	</LangSpecProperties>
</BlockGenus>

<BlockGenus name="clear-everyone" kind="command" initlabel="clear everyone"
	color="139 0 0">
	<description>
		<text>
			Kills all of the agents in SpaceLand.
		</text>
	</description>
	<LangSpecProperties>
		<LangSpecProperty key="vm-cmd-name" value="ct"></LangSpecProperty>
		<LangSpecProperty key="is-setup-block" value="yes"></LangSpecProperty>
		<LangSpecProperty key="stack-type" value="setup"></LangSpecProperty>
	</LangSpecProperties>
</BlockGenus>

<BlockGenus name="clear-patches" kind="command" initlabel="clear patches"
	color="139 0 0">
	<description>
		<text>
			Flattens the terrain in Spaceland and repaints it green.
		</text>
	</description>
	<LangSpecProperties>
		<LangSpecProperty key="vm-cmd-name" value="cp"></LangSpecProperty>
		<LangSpecProperty key="is-setup-block" value="yes"></LangSpecProperty>
		<LangSpecProperty key="stack-type" value="setup"></LangSpecProperty>
	</LangSpecProperties>
</BlockGenus>

<BlockGenus name="scatter-everyone" kind="command" initlabel="scatter everyone"
	color="139 0 0">
	<description>
		<text>
			Scatters all agents randomly around the terrain.
		</text>
	</description>
	<LangSpecProperties>
		<LangSpecProperty key="vm-cmd-name" value="scatter-everyone"></LangSpecProperty>
		<LangSpecProperty key="is-setup-block" value="yes"></LangSpecProperty>
		<LangSpecProperty key="stack-type" value="setup"></LangSpecProperty>
	</LangSpecProperties>
</BlockGenus>


<BlockGenus name="set-score" kind="command" initlabel="set score"
	color="230 0 255 ">
	<description>
		<text>
			Sets the score to be the given value.
		</text>
		<arg-description n="1" name="score" doc-name="score">
			The new
			value for the score.
		</arg-description>
	</description>
	<BlockConnectors>
		<BlockConnector connector-kind="socket" connector-type="number">
			<DefaultArg genus-name="number" label="0" />
		</BlockConnector>
	</BlockConnectors>
	<LangSpecProperties>
		<LangSpecProperty key="vm-cmd-name" value="set-score"></LangSpecProperty>
	</LangSpecProperties>
</BlockGenus>

<BlockGenus name="score" kind="function" initlabel="score"
	color="230 0 255 ">
	<description>
		<text>
			Reports the current score.
		</text>
	</description>
	<BlockConnectors>
		<BlockConnector connector-kind="plug" position-type="mirror"
			connector-type="number"></BlockConnector>
	</BlockConnectors>
	<LangSpecProperties>
		<LangSpecProperty key="vm-cmd-name" value="score"></LangSpecProperty>
		<LangSpecProperty key="is-monitorable" value="yes"></LangSpecProperty>
	</LangSpecProperties>
</BlockGenus>

<!-- BREED SPECIFIC BLOCKS -->

<BlockGenus name="create-agents" kind="command" initlabel=""
	label-prefix="create " color="139 0 0">
	<description>
		<text>
			Creates
			<arg n="1" />
			number of agents of the given breed.
		</text>
		<arg-description n="1" name="num">
			The number of agents to
			create.
		</arg-description>
	</description>
	<BlockConnectors>
		<BlockConnector label="num" connector-kind="socket"
			connector-type="number">
			<DefaultArg genus-name="number" label="10"></DefaultArg>
		</BlockConnector>
	</BlockConnectors>
	<LangSpecProperties>
		<LangSpecProperty key="is-owned-by-breed" value="yes"></LangSpecProperty>
		<LangSpecProperty key="vm-cmd-name" value="crt-breed"></LangSpecProperty>
		<LangSpecProperty key="is-setup-block" value="yes"></LangSpecProperty>
		<LangSpecProperty key="include-breed" value="yes"></LangSpecProperty>
		<LangSpecProperty key="include-breed-shape" value="yes"></LangSpecProperty>
		<LangSpecProperty key="stack-type" value="setup"></LangSpecProperty>
	</LangSpecProperties>
</BlockGenus>

<BlockGenus name="create-and-do" kind="command" initlabel=""
	label-prefix="create " color="139 0 0">
	<description>
		<text>
			Creates
			<arg n="1" />
			number of agents of the given breed and has each do the specified
			commands.
		</text>
		<arg-description n="1" name="num">
			The number of agents to
			create.
		</arg-description>
		<arg-description n="2" name="cmd">
			The commands for each
			agent to do.
		</arg-description>
	</description>
	<BlockConnectors>
		<BlockConnector label="num" connector-kind="socket"
			connector-type="number">
			<DefaultArg genus-name="number" label="10"></DefaultArg>
		</BlockConnector>
		<BlockConnector label="do" connector-kind="socket"
			connector-type="cmd"></BlockConnector>
	</BlockConnectors>
	<LangSpecProperties>
		<LangSpecProperty key="is-owned-by-breed" value="yes"></LangSpecProperty>
		<LangSpecProperty key="vm-cmd-name" value="crt-breed-do"></LangSpecProperty>
		<LangSpecProperty key="is-setup-block" value="yes"></LangSpecProperty>
		<LangSpecProperty key="inline-arg" value="1"></LangSpecProperty>
		<LangSpecProperty key="include-breed" value="yes"></LangSpecProperty>
		<LangSpecProperty key="include-breed-shape" value="yes"></LangSpecProperty>
		<LangSpecProperty key="stack-type" value="setup"></LangSpecProperty>
		<LangSpecProperty key="inline-stack-type" value="breed-forever"></LangSpecProperty>
		<LangSpecProperty key="ask-arg" value="1"></LangSpecProperty>
	</LangSpecProperties>
</BlockGenus>

<BlockGenus name="breed-string" kind="function" initlabel=""
	label-prefix="breed: " color="255 0 255">
	<description>
		<text>
			Reports the name of the given breed.
		</text>
	</description>
	<BlockConnectors>
		<BlockConnector connector-kind="plug" connector-type="string"
			position-type="mirror">
		</BlockConnector>
	</BlockConnectors>
	<LangSpecProperties>
		<LangSpecProperty key="is-owned-by-breed" value="yes"></LangSpecProperty>
		<LangSpecProperty key="vm-cmd-name" value="nop"></LangSpecProperty>
		<LangSpecProperty key="include-breed" value="yes"></LangSpecProperty>
		<LangSpecProperty key="is-monitorable" value="yes"></LangSpecProperty>
	</LangSpecProperties>
</BlockGenus>

<BlockGenus name="count-breeds" kind="function" initlabel=""
	label-prefix="count " color="128 30 255">
	<description>
		<text>
			Reports the number agents of this breed.
		</text>
	</description>
	<BlockConnectors>
		<BlockConnector connector-kind="plug" connector-type="number"
			position-type="mirror">
		</BlockConnector>
	</BlockConnectors>
	<LangSpecProperties>
		<LangSpecProperty key="is-owned-by-breed" value="yes"></LangSpecProperty>
		<LangSpecProperty key="vm-cmd-name" value="count-breeds"></LangSpecProperty>
		<LangSpecProperty key="include-breed" value="yes"></LangSpecProperty>
		<LangSpecProperty key="is-monitorable" value="yes"></LangSpecProperty>
	</LangSpecProperties>
</BlockGenus>

<BlockGenus name="count-breeds-with" kind="function"
	initlabel="" label-prefix="count " label-suffix=" with" color="128 30 255">
	<description>
		<text>
			Reports the number agents of this breed that satisfy the given
			condition.
		</text>
		<arg-description n="1" doc-name="condition">
			A condition that
			must
			be true of the counted agents.
		</arg-description>
	</description>
	<BlockConnectors>
		<BlockConnector connector-kind="plug" connector-type="number"></BlockConnector>
		<BlockConnector label="condition" connector-kind="socket"
			connector-type="boolean"></BlockConnector>
	</BlockConnectors>
	<LangSpecProperties>
		<LangSpecProperty key="is-owned-by-breed" value="yes"></LangSpecProperty>
		<LangSpecProperty key="vm-cmd-name" value="count-breeds-with"></LangSpecProperty>
		<LangSpecProperty key="include-breed" value="yes"></LangSpecProperty>
		<LangSpecProperty key="is-monitorable" value="yes"></LangSpecProperty>
		<LangSpecProperty key="inline-arg" value="0"></LangSpecProperty>
		<LangSpecProperty key="inline-stack-type" value="breed"></LangSpecProperty>
		<LangSpecProperty key="ask-arg" value="0"></LangSpecProperty>
	</LangSpecProperties>
</BlockGenus>

<BlockGenus name="scatter-breeds" kind="command" initlabel=""
	label-prefix="scatter " color="139 0 0">
	<description>
		<text>
			Scatters agents of this breed across SpaceLand.
		</text>
	</description>
	<LangSpecProperties>
		<LangSpecProperty key="is-owned-by-breed" value="yes"></LangSpecProperty>
		<LangSpecProperty key="vm-cmd-name" value="scatter-agents"></LangSpecProperty>
		<LangSpecProperty key="include-breed" value="yes"></LangSpecProperty>
		<LangSpecProperty key="stack-type" value="setup"></LangSpecProperty>
	</LangSpecProperties>
</BlockGenus>

<BlockGenus name="clear-breeds" kind="command" initlabel=""
	label-prefix="clear " color="139 0 0">
	<description>
		<text>
			Clears all agents of this breed.
		</text>
	</description>
	<LangSpecProperties>
		<LangSpecProperty key="is-owned-by-breed" value="yes"></LangSpecProperty>
		<LangSpecProperty key="vm-cmd-name" value="clear-breeds"></LangSpecProperty>
		<LangSpecProperty key="include-breed" value="yes"></LangSpecProperty>
		<LangSpecProperty key="stack-type" value="setup"></LangSpecProperty>
	</LangSpecProperties>
</BlockGenus>

<BlockGenus name="collision" kind="command" initlabel="Collision"
	color="128 128 128" is-starter="yes" is-terminator="yes"
	page-label-enabled="yes">
	<description>
		<text>
			Constantly checks for collisions between agents. If a collision
			occurs, causes the collider to run the
			<arg n="1" />
			code, and the collidee to run the
			<arg n="2" />
			code. Which agent is the collidee and which is the collider depends
			on the block. For example, if a Turtle and Frog collide, the
			collision block with "Turtles" as the first port and "Frogs" as the
			second port will assume that the Turtle is the collider and the
			Frog
			is the collidee.
		</text>
		<arg-description n="1" name="me">
			This is the code that
			the
			collider runs.
		</arg-description>

		<arg-description n="2" name="agents">
			This is the code that
			the
			collidee runs. The label of this port determines which breed
			will be
			assumed to be collidee.
		</arg-description>
	</description>
	<BlockConnectors>
		<BlockConnector connector-kind="socket" connector-type="cmd"></BlockConnector>
		<BlockConnector connector-kind="socket" connector-type="cmd"></BlockConnector>
	</BlockConnectors>
	<LangSpecProperties>
		<LangSpecProperty key="is-collision" value="yes"></LangSpecProperty>
		<LangSpecProperty key="stack-type" value="breed-collision"></LangSpecProperty>
	</LangSpecProperties>
</BlockGenus>


<!-- SHAPES (see ShapeBlocksGenerator) -->

<BlockGenus name="random-shape" kind="function" initlabel="random shape"
	color="255 252 138">
	<description>
		<text>
			Selects a random shape.
		</text>
	</description>
	<BlockConnectors>
		<BlockConnector connector-kind="plug" connector-type="string"></BlockConnector>
	</BlockConnectors>
	<LangSpecProperties>
		<LangSpecProperty key="vm-cmd-name" value="random-shape"></LangSpecProperty>
	</LangSpecProperties>
</BlockGenus>

<!-- DYNAMIC BLOCKS -->

<BlockGenus name="ashape" kind="data" initlabel="" color="255 252 138">
	<BlockConnectors>
		<BlockConnector connector-kind="plug" connector-type="string"></BlockConnector>
	</BlockConnectors>
	<Images>
		<Image width="64" height="64">
			<FileLocation>/models/animals/turtle/default_icon.png</FileLocation>
		</Image>
	</Images>
	<LangSpecProperties>
		<LangSpecProperty key="vm-cmd-name" value="eval-num"></LangSpecProperty>
		<LangSpecProperty key="special-value" value="animals/turtle-default"></LangSpecProperty>
	</LangSpecProperties>
</BlockGenus>

<BlockGenus name="bshape" kind="data" initlabel="" color="255 252 138">
	<BlockConnectors>
		<BlockConnector connector-kind="plug" connector-type="string"></BlockConnector>
	</BlockConnectors>
	<Images>
		<Image width="64" height="64">
			<FileLocation>/models/animals/sonic/sonic_icon.png</FileLocation>
		</Image>
	</Images>
	<LangSpecProperties>
		<LangSpecProperty key="vm-cmd-name" value="eval-num"></LangSpecProperty>
		<LangSpecProperty key="special-value" value="animals/sonic-sonic"></LangSpecProperty>
	</LangSpecProperties>
</BlockGenus>