<?xml version="1.0" encoding="UTF-8"?>
<BlockDrawerSet name="factory" type="stack" location="southwest"
	window-per-drawer="no" drawer-draggable="no">

	<BlockDrawer name="CUI" type="factory" button-color="0 102 51">
		<BlockGenusMember>cui-print</BlockGenusMember>
		<BlockGenusMember>cui-println</BlockGenusMember>
		<BlockGenusMember>cui-random</BlockGenusMember>
		<BlockGenusMember>hashCode</BlockGenusMember>
		<BlockGenusMember>local-var-object-Scanner</BlockGenusMember>
 		<BlockGenusMember>input-isInteger</BlockGenusMember>
		<BlockGenusMember>input-isDouble</BlockGenusMember>
		<BlockGenusMember>input-getInt</BlockGenusMember>
		<BlockGenusMember>input-getDouble</BlockGenusMember>
		<BlockGenusMember>input-getString</BlockGenusMember>
	</BlockDrawer>

	<BlockDrawer name="構造化" type="factory" button-color="255 255 255">
		<BlockGenusMember>abstraction</BlockGenusMember>
		<BlockGenusMember>procedure</BlockGenusMember>
		<BlockGenusMember>proc-param-number</BlockGenusMember>
		<BlockGenusMember>proc-param-double-number</BlockGenusMember>
		<BlockGenusMember>proc-param-boolean</BlockGenusMember>
		<BlockGenusMember>proc-param-string</BlockGenusMember>
		<BlockGenusMember>proc-param-int-number-arrayobject</BlockGenusMember>
		<BlockGenusMember>proc-param-double-number-arrayobject</BlockGenusMember>
		<BlockGenusMember>proc-param-object-arrayobject</BlockGenusMember>
		<BlockGenusMember>proc-param-string-arrayobject</BlockGenusMember>
		<BlockGenusMember>proc-param-object-bwindow</BlockGenusMember>
		<BlockGenusMember>proc-param-object-bcanvas</BlockGenusMember>		
		<BlockGenusMember>proc-param-object-bsound</BlockGenusMember>
		<BlockGenusMember>proc-param-object-color</BlockGenusMember>
		<BlockGenusMember>return</BlockGenusMember>
		<BlockGenusMember>constructor</BlockGenusMember>
	</BlockDrawer>

	<BlockDrawer name="オブジェクト" type="factory" button-color="20 20 20">
		<BlockGenusMember>callActionMethod2</BlockGenusMember>
		<BlockGenusMember>callGetterMethod2</BlockGenusMember>
		<BlockGenusMember>callThisActionMethod2</BlockGenusMember>
		<BlockGenusMember>getterthis</BlockGenusMember>
		<BlockGenusMember>gettersuper</BlockGenusMember>
	</BlockDrawer>

	<BlockDrawer name="分岐、繰返" type="factory" button-color="255 80 0">
		<BlockGenusMember>ifelse</BlockGenusMember>
		<BlockGenusMember>while</BlockGenusMember>
		<BlockGenusMember>dowhile</BlockGenusMember>
		<BlockGenusMember>break</BlockGenusMember>
		<BlockGenusMember>continue</BlockGenusMember>
	</BlockDrawer>

	<BlockDrawer name="調べる" type="factory" button-color="204 204 102">
		<BlockGenusMember>equals-number</BlockGenusMember>
		<BlockGenusMember>not-equals-number</BlockGenusMember>
		<BlockGenusMember>lessthan</BlockGenusMember>
		<BlockGenusMember>greaterthan</BlockGenusMember>
		<BlockGenusMember>lessthanorequalto</BlockGenusMember>
		<BlockGenusMember>greaterthanorequalto</BlockGenusMember>
		<BlockGenusMember>equals-number-double</BlockGenusMember>
		<BlockGenusMember>not-equals-number-double</BlockGenusMember>
		<BlockGenusMember>lessthan-double</BlockGenusMember>
		<BlockGenusMember>greaterthan-double</BlockGenusMember>
		<BlockGenusMember>lessthanorequalto-double</BlockGenusMember>
		<BlockGenusMember>greaterthanorequalto-double</BlockGenusMember>
		<BlockGenusMember>equals-boolean</BlockGenusMember>
		<BlockGenusMember>not-equals-boolean</BlockGenusMember>
		<BlockGenusMember>equals-string</BlockGenusMember>
		<BlockGenusMember>instanceof</BlockGenusMember>
		<BlockGenusMember>and</BlockGenusMember>
		<BlockGenusMember>or</BlockGenusMember>
		<BlockGenusMember>not</BlockGenusMember>
		<BlockGenusMember>true</BlockGenusMember>
		<BlockGenusMember>false</BlockGenusMember>
	</BlockDrawer>

	<BlockDrawer name="文字列" type="factory" button-color="45 201 255">
		<BlockGenusMember>string-append</BlockGenusMember>
		<BlockGenusMember>string</BlockGenusMember>
		<BlockGenusMember>toStringFromInt</BlockGenusMember>
		<BlockGenusMember>toStringFromDouble</BlockGenusMember>
		<BlockGenusMember>toStringFromObject</BlockGenusMember>
		<BlockGenusMember>local-var-string</BlockGenusMember>
	</BlockDrawer>

	<BlockDrawer name="計算" type="factory" button-color="102 129 255">
		<BlockGenusMember>sum</BlockGenusMember>
		<BlockGenusMember>difference</BlockGenusMember>
		<BlockGenusMember>product</BlockGenusMember>
		<BlockGenusMember>quotient</BlockGenusMember>
		<BlockGenusMember>remainder</BlockGenusMember>
		<BlockGenusMember>sum-double</BlockGenusMember>
		<BlockGenusMember>difference-double</BlockGenusMember>
		<BlockGenusMember>product-double</BlockGenusMember>
		<BlockGenusMember>quotient-double</BlockGenusMember>
		<BlockGenusMember>remainder-double</BlockGenusMember>
		<BlockGenusMember>number</BlockGenusMember>
	</BlockDrawer>

	<BlockDrawer name="数学" type="factory" button-color="102 129 255">
		<BlockGenusMember>cui-random</BlockGenusMember>
		<BlockGenusMember>sqrt</BlockGenusMember>
		<BlockGenusMember>sin</BlockGenusMember>
		<BlockGenusMember>cos</BlockGenusMember>
		<BlockGenusMember>tan</BlockGenusMember>
		<BlockGenusMember>log</BlockGenusMember>
		<BlockGenusMember>toRadians</BlockGenusMember>
	</BlockDrawer>

	<BlockDrawer name="変数の定義" type="factory" button-color="230 0 255">
		<BlockGenusMember>local-var-int-number</BlockGenusMember>
		<BlockGenusMember>local-var-double-number</BlockGenusMember>
		<BlockGenusMember>local-var-string</BlockGenusMember>
		<BlockGenusMember>local-var-boolean</BlockGenusMember>
		<BlockGenusMember>local-var-object-Scanner</BlockGenusMember>
		<BlockGenusMember>local-var-object</BlockGenusMember>
		<BlockGenusMember>private-var-int-number</BlockGenusMember>
		<BlockGenusMember>private-var-double-number</BlockGenusMember>
		<BlockGenusMember>private-var-string</BlockGenusMember>
		<BlockGenusMember>private-var-boolean</BlockGenusMember>
		<BlockGenusMember>private-var-object</BlockGenusMember>
		<BlockGenusMember>private-final-var-int-number</BlockGenusMember>
		<BlockGenusMember>private-final-var-string</BlockGenusMember>
	</BlockDrawer>
	
	<BlockDrawer name="配列・リスト" type="factory" button-color="230 0 255">
		<BlockGenusMember>local-var-listobject</BlockGenusMember>
		<BlockGenusMember>local-var-string-arrayobject</BlockGenusMember>
		<BlockGenusMember>local-var-int-number-arrayobject</BlockGenusMember>
		<BlockGenusMember>local-var-double-number-arrayobject</BlockGenusMember>
		<BlockGenusMember>local-var-object-arrayobject</BlockGenusMember>	
		<BlockGenusMember>local-var-arraylistobject</BlockGenusMember>
		<BlockGenusMember>local-var-linkedlistobject</BlockGenusMember>
		<BlockGenusMember>private-var-listobject</BlockGenusMember>		
		<BlockGenusMember>private-var-arraylistobject</BlockGenusMember>
		<BlockGenusMember>private-var-linkedlistobject</BlockGenusMember>
		<BlockGenusMember>private-var-int-number-arrayobject</BlockGenusMember>		
		<BlockGenusMember>private-var-string-arrayobject</BlockGenusMember>
		<BlockGenusMember>private-var-object-arrayobject</BlockGenusMember>
		<BlockGenusMember>new-listobject</BlockGenusMember>
		<BlockGenusMember>new-linkedlistobject</BlockGenusMember>
		<BlockGenusMember>type-object</BlockGenusMember>			
	</BlockDrawer>
	

	<BlockDrawer name="変換" type="factory" button-color="204 0 255">
		<BlockGenusMember>toIntFromDouble</BlockGenusMember>
		<BlockGenusMember>toIntFromString</BlockGenusMember>
		<BlockGenusMember>toDoubleFromInt</BlockGenusMember>
		<BlockGenusMember>toDoubleFromString</BlockGenusMember>
		<BlockGenusMember>toStringFromInt</BlockGenusMember>
		<BlockGenusMember>toStringFromDouble</BlockGenusMember>
		<BlockGenusMember>toStringFromObject</BlockGenusMember>
	</BlockDrawer>

	<BlockDrawer name="値" type="factory" button-color="255 61 200">
		<BlockGenusMember>number</BlockGenusMember>
		<BlockGenusMember>double-number</BlockGenusMember>
		<BlockGenusMember>string</BlockGenusMember>
		<BlockGenusMember>true</BlockGenusMember>
		<BlockGenusMember>false</BlockGenusMember>
	</BlockDrawer>

	<BlockDrawer name="色" type="factory" button-color="255 155 64">
		<BlockGenusMember>local-var-object-color</BlockGenusMember>
		<BlockGenusMember>private-var-object-color</BlockGenusMember>
		<BlockGenusMember>private-final-var-object-color</BlockGenusMember>		
		<BlockGenusMember>new-object-Color</BlockGenusMember>
	</BlockDrawer>
  
	<BlockDrawer name="obpro" type="factory" button-color="255 155 64">
		<BlockGenusMember>private-var-object-bcanvas</BlockGenusMember>
		<BlockGenusMember>local-var-object-bcanvas</BlockGenusMember>
		<BlockGenusMember>private-var-object-bwindow</BlockGenusMember>
		<BlockGenusMember>local-var-object-bwindow</BlockGenusMember>
		<BlockGenusMember>private-var-object-bsound</BlockGenusMember>
		<BlockGenusMember>local-var-object-bsound</BlockGenusMember>
	</BlockDrawer>

</BlockDrawerSet>