<?xml version="1.0" encoding="UTF-8"?>

<!-- Object -->


<BlockGenus name="new-object" kind="function" initlabel="Turtle"
	editable-label="yes" header-label="新しく" footer-label="を作る" color="16 240 27">
	<description>
		<text>
			新しいオブジェクトを生成します。このブロックはオブジェクト型の変数に代入します。
		</text>
	</description>
	<BlockConnectors>
		<BlockConnector connector-kind="object" connector-type="object"></BlockConnector>
	</BlockConnectors>
	<LangSpecProperties>
		<LangSpecProperty key="vm-cmd-name" value="new-object"></LangSpecProperty>
		<LangSpecProperty key="stack-type" value="breed"></LangSpecProperty>
	</LangSpecProperties>
</BlockGenus>

<BlockGenus name="new-object-withtext" kind="function"
	initlabel="Turtle" editable-label="yes" header-label="新しく"
	footer-label="を作る" color="16 240 27">
	<BlockConnectors>
		<BlockConnector connector-kind="plug" connector-type="object"></BlockConnector>
		<BlockConnector label="" connector-kind="socket"
			connector-type="string">
			<DefaultArg genus-name="string" label="abc"></DefaultArg>
		</BlockConnector>
	</BlockConnectors>
</BlockGenus>

<BlockGenus name="new-object-withobject" kind="function"
	initlabel="Turtle" editable-label="yes" header-label="新しく"
	footer-label="を作る" color="16 240 27">
	<BlockConnectors>
		<BlockConnector connector-kind="plug" connector-type="object"></BlockConnector>
		<BlockConnector label="" connector-kind="socket"
			connector-type="poly">
			<DefaultArg genus-name="special-expression" label="System.in"></DefaultArg>
		</BlockConnector>
	</BlockConnectors>
</BlockGenus>

<BlockGenus name="local-var-object" kind="local-variable"
	initlabel="t" header-label="Object型の変数を作り、" footer-label="と名付ける"
	editable-label="yes" label-unique="yes" color="230 0 255 ">
	<description>
		<text>
			オブジェクト型のローカル変数を宣言します。変数名を設定してください。
		</text>
	</description>
	<BlockConnectors>
		<BlockConnector label="初期値" connector-kind="socket"
			connector-type="object">
			<DefaultArg genus-name="new-object" label="Turtle"></DefaultArg>
		</BlockConnector>
	</BlockConnectors>
	<Stubs>
		<Stub stub-genus="callActionMethod">
			<LangSpecProperties>
				<LangSpecProperty key="vm-cmd-name" value="eval-local"></LangSpecProperty>
				<LangSpecProperty key="scope" value="local"></LangSpecProperty>
			</LangSpecProperties>
		</Stub>
		<Stub stub-genus="callGetterMethod">
			<LangSpecProperties>
				<LangSpecProperty key="vm-cmd-name" value="eval-local"></LangSpecProperty>
				<LangSpecProperty key="scope" value="local"></LangSpecProperty>
			</LangSpecProperties>
		</Stub>
		<Stub stub-genus="callBooleanMethod">
			<LangSpecProperties>
				<LangSpecProperty key="vm-cmd-name" value="eval-local"></LangSpecProperty>
				<LangSpecProperty key="scope" value="local"></LangSpecProperty>
			</LangSpecProperties>
		</Stub>
		<Stub stub-genus="callDoubleMethod">
			<LangSpecProperties>
				<LangSpecProperty key="vm-cmd-name" value="eval-local"></LangSpecProperty>
				<LangSpecProperty key="scope" value="local"></LangSpecProperty>
			</LangSpecProperties>
		</Stub>
		<Stub stub-genus="callStringMethod">
			<LangSpecProperties>
				<LangSpecProperty key="vm-cmd-name" value="eval-local"></LangSpecProperty>
				<LangSpecProperty key="scope" value="local"></LangSpecProperty>
			</LangSpecProperties>
		</Stub>
		<Stub stub-genus="callObjectMethod">
			<LangSpecProperties>
				<LangSpecProperty key="vm-cmd-name" value="eval-local"></LangSpecProperty>
				<LangSpecProperty key="scope" value="local"></LangSpecProperty>
			</LangSpecProperties>
		</Stub>
		<Stub stub-genus="getter">
			<LangSpecProperties>
				<LangSpecProperty key="vm-cmd-name" value="eval-local"></LangSpecProperty>
				<LangSpecProperty key="scope" value="local"></LangSpecProperty>
			</LangSpecProperties>
		</Stub>
		<Stub stub-genus="setter">
			<LangSpecProperties>
				<LangSpecProperty key="vm-cmd-name" value="eval-setlocal"></LangSpecProperty>
				<LangSpecProperty key="scope" value="local"></LangSpecProperty>
			</LangSpecProperties>
		</Stub>
	</Stubs>
	<LangSpecProperties>
		<LangSpecProperty key="scope" value="local"></LangSpecProperty>
		<LangSpecProperty key="type" value="object"></LangSpecProperty>
		<LangSpecProperty key="is-owned-by-breed" value="yes"></LangSpecProperty>
		<LangSpecProperty key="is-monitorable" value="yes"></LangSpecProperty>
	</LangSpecProperties>
</BlockGenus>

<BlockGenus name="local-var-object-Text" kind="local-variable"
	initlabel="tt" header-label="TextTurtle型の変数を作り、" footer-label="と名付ける"
	editable-label="yes" label-unique="yes" color="230 0 255 ">
	<description>
		<text>
			オブジェクト型のローカル変数を宣言します。変数名を設定してください。
		</text>
	</description>
	<BlockConnectors>
		<BlockConnector label="初期値" connector-kind="socket"
			connector-type="object">
			<DefaultArg genus-name="new-object-withtext" label="TextTurtle"></DefaultArg>
		</BlockConnector>
	</BlockConnectors>
	<Stubs>
		<Stub stub-genus="getter">
			<LangSpecProperties>
				<LangSpecProperty key="vm-cmd-name" value="eval-local"></LangSpecProperty>
				<LangSpecProperty key="scope" value="local"></LangSpecProperty>
			</LangSpecProperties>
		</Stub>
		<Stub stub-genus="setter">
			<LangSpecProperties>
				<LangSpecProperty key="vm-cmd-name" value="eval-setlocal"></LangSpecProperty>
				<LangSpecProperty key="scope" value="local"></LangSpecProperty>
			</LangSpecProperties>
		</Stub>
	</Stubs>
	<LangSpecProperties>
		<LangSpecProperty key="scope" value="local"></LangSpecProperty>
		<LangSpecProperty key="type" value="object"></LangSpecProperty>
		<LangSpecProperty key="is-owned-by-breed" value="yes"></LangSpecProperty>
		<LangSpecProperty key="is-monitorable" value="yes"></LangSpecProperty>
	</LangSpecProperties>
</BlockGenus>

<BlockGenus name="local-var-object-Turtle" kind="local-variable"
	initlabel="t" header-label="Turtle型の変数を作り、" footer-label="と名付ける"
	editable-label="yes" label-unique="yes" color="230 0 255 ">
	<BlockConnectors>
		<BlockConnector label="初期値" connector-kind="socket"
			connector-type="object">
			<DefaultArg genus-name="new-object" label="Turtle"></DefaultArg>
		</BlockConnector>
	</BlockConnectors>
	<Stubs>
		<Stub stub-genus="getter">
			<LangSpecProperties>
				<LangSpecProperty key="vm-cmd-name" value="eval-local"></LangSpecProperty>
				<LangSpecProperty key="scope" value="local"></LangSpecProperty>
			</LangSpecProperties>
		</Stub>
		<Stub stub-genus="setter">
			<LangSpecProperties>
				<LangSpecProperty key="vm-cmd-name" value="eval-setlocal"></LangSpecProperty>
				<LangSpecProperty key="scope" value="local"></LangSpecProperty>
			</LangSpecProperties>
		</Stub>
	</Stubs>
	<LangSpecProperties>
		<LangSpecProperty key="scope" value="local"></LangSpecProperty>
		<LangSpecProperty key="type" value="object"></LangSpecProperty>
		<LangSpecProperty key="is-owned-by-breed" value="yes"></LangSpecProperty>
		<LangSpecProperty key="is-monitorable" value="yes"></LangSpecProperty>
	</LangSpecProperties>
</BlockGenus>

<BlockGenus name="local-var-object-Card" kind="local-variable"
	initlabel="ct" header-label="CardTurtle型の変数を作り、" footer-label="と名付ける"
	editable-label="yes" label-unique="yes" color="255 255 100">
	<description>
		<text>
			オブジェクト型のローカル変数を宣言します。変数名を設定してください。
		</text>
	</description>
	<BlockConnectors>
		<BlockConnector label="初期値" connector-kind="socket"
			connector-type="object">
			<DefaultArg genus-name="new-object-withtext" label="CardTurtle"></DefaultArg>
		</BlockConnector>
	</BlockConnectors>
	<Stubs>
		<Stub stub-genus="getter">
			<LangSpecProperties>
				<LangSpecProperty key="vm-cmd-name" value="eval-local"></LangSpecProperty>
				<LangSpecProperty key="scope" value="local"></LangSpecProperty>
			</LangSpecProperties>
		</Stub>
		<Stub stub-genus="setter">
			<LangSpecProperties>
				<LangSpecProperty key="vm-cmd-name" value="eval-setlocal"></LangSpecProperty>
				<LangSpecProperty key="scope" value="local"></LangSpecProperty>
			</LangSpecProperties>
		</Stub>
	</Stubs>
	<LangSpecProperties>
		<LangSpecProperty key="scope" value="local"></LangSpecProperty>
		<LangSpecProperty key="type" value="object"></LangSpecProperty>
		<LangSpecProperty key="is-owned-by-breed" value="yes"></LangSpecProperty>
		<LangSpecProperty key="is-monitorable" value="yes"></LangSpecProperty>
	</LangSpecProperties>
</BlockGenus>

<BlockGenus name="local-var-object-Input" kind="local-variable"
	initlabel="it" header-label="InputTurtle型の変数を作り、" footer-label="と名付ける"
	editable-label="yes" label-unique="yes" color="255 255 100">
	<description>
		<text>
			オブジェクト型のローカル変数を宣言します。変数名を設定してください。
		</text>
	</description>
	<BlockConnectors>
		<BlockConnector label="初期値" connector-kind="socket"
			connector-type="object">
			<DefaultArg genus-name="new-object-withtext" label="InputTurtle"></DefaultArg>
		</BlockConnector>
	</BlockConnectors>
	<Stubs>
		<Stub stub-genus="getter">
			<LangSpecProperties>
				<LangSpecProperty key="vm-cmd-name" value="eval-local"></LangSpecProperty>
				<LangSpecProperty key="scope" value="local"></LangSpecProperty>
			</LangSpecProperties>
		</Stub>
		<Stub stub-genus="setter">
			<LangSpecProperties>
				<LangSpecProperty key="vm-cmd-name" value="eval-setlocal"></LangSpecProperty>
				<LangSpecProperty key="scope" value="local"></LangSpecProperty>
			</LangSpecProperties>
		</Stub>
	</Stubs>
	<LangSpecProperties>
		<LangSpecProperty key="scope" value="local"></LangSpecProperty>
		<LangSpecProperty key="type" value="object"></LangSpecProperty>
		<LangSpecProperty key="is-owned-by-breed" value="yes"></LangSpecProperty>
		<LangSpecProperty key="is-monitorable" value="yes"></LangSpecProperty>
	</LangSpecProperties>
</BlockGenus>


<BlockGenus name="local-var-object-Button" kind="local-variable"
	initlabel="bt" header-label="ButtonTurtle型の変数を作り、" footer-label="と名付ける"
	editable-label="yes" label-unique="yes" color="230 0 255 ">
	<description>
		<text>
			オブジェクト型のローカル変数を宣言します。変数名を設定してください。
		</text>
	</description>
	<BlockConnectors>
		<BlockConnector label="初期値" connector-kind="socket"
			connector-type="object">
			<DefaultArg genus-name="new-object-withtext" label="ButonTurtle"></DefaultArg>
		</BlockConnector>
	</BlockConnectors>
	<Stubs>
		<Stub stub-genus="getter">
			<LangSpecProperties>
				<LangSpecProperty key="vm-cmd-name" value="eval-local"></LangSpecProperty>
				<LangSpecProperty key="scope" value="local"></LangSpecProperty>
			</LangSpecProperties>
		</Stub>
		<Stub stub-genus="setter">
			<LangSpecProperties>
				<LangSpecProperty key="vm-cmd-name" value="eval-setlocal"></LangSpecProperty>
				<LangSpecProperty key="scope" value="local"></LangSpecProperty>
			</LangSpecProperties>
		</Stub>
	</Stubs>
	<LangSpecProperties>
		<LangSpecProperty key="scope" value="local"></LangSpecProperty>
		<LangSpecProperty key="type" value="object"></LangSpecProperty>
		<LangSpecProperty key="is-owned-by-breed" value="yes"></LangSpecProperty>
		<LangSpecProperty key="is-monitorable" value="yes"></LangSpecProperty>
	</LangSpecProperties>
</BlockGenus>


<BlockGenus name="local-var-object-Image" kind="local-variable"
	initlabel="it" header-label="ImageTurtle型の変数を作り、" footer-label="と名付ける"
	editable-label="yes" label-unique="yes" color="230 0 255 ">
	<BlockConnectors>
		<BlockConnector label="初期値" connector-kind="socket"
			connector-type="object">
			<DefaultArg genus-name="new-object-withtext" label="ImageTurtle"></DefaultArg>
		</BlockConnector>
	</BlockConnectors>
	<Stubs>
		<Stub stub-genus="callActionMethod">
			<LangSpecProperties>
				<LangSpecProperty key="vm-cmd-name" value="eval-local"></LangSpecProperty>
				<LangSpecProperty key="scope" value="local"></LangSpecProperty>
			</LangSpecProperties>
		</Stub>
		<Stub stub-genus="callGetterMethod">
			<LangSpecProperties>
				<LangSpecProperty key="vm-cmd-name" value="eval-local"></LangSpecProperty>
				<LangSpecProperty key="scope" value="local"></LangSpecProperty>
			</LangSpecProperties>
		</Stub>
		<Stub stub-genus="callBooleanMethod">
			<LangSpecProperties>
				<LangSpecProperty key="vm-cmd-name" value="eval-local"></LangSpecProperty>
				<LangSpecProperty key="scope" value="local"></LangSpecProperty>
			</LangSpecProperties>
		</Stub>
		<Stub stub-genus="callDoubleMethod">
			<LangSpecProperties>
				<LangSpecProperty key="vm-cmd-name" value="eval-local"></LangSpecProperty>
				<LangSpecProperty key="scope" value="local"></LangSpecProperty>
			</LangSpecProperties>
		</Stub>
		<Stub stub-genus="callStringMethod">
			<LangSpecProperties>
				<LangSpecProperty key="vm-cmd-name" value="eval-local"></LangSpecProperty>
				<LangSpecProperty key="scope" value="local"></LangSpecProperty>
			</LangSpecProperties>
		</Stub>
		<Stub stub-genus="getter">
			<LangSpecProperties>
				<LangSpecProperty key="vm-cmd-name" value="eval-local"></LangSpecProperty>
				<LangSpecProperty key="scope" value="local"></LangSpecProperty>
			</LangSpecProperties>
		</Stub>
		<Stub stub-genus="setter">
			<LangSpecProperties>
				<LangSpecProperty key="vm-cmd-name" value="eval-setlocal"></LangSpecProperty>
				<LangSpecProperty key="scope" value="local"></LangSpecProperty>
			</LangSpecProperties>
		</Stub>
	</Stubs>
	<LangSpecProperties>
		<LangSpecProperty key="scope" value="local"></LangSpecProperty>
		<LangSpecProperty key="type" value="object"></LangSpecProperty>
		<LangSpecProperty key="is-owned-by-breed" value="yes"></LangSpecProperty>
		<LangSpecProperty key="is-monitorable" value="yes"></LangSpecProperty>
	</LangSpecProperties>
</BlockGenus>

<BlockGenus name="local-var-object-Sound" kind="local-variable"
	initlabel="st" header-label="SoundTurtle型の変数を作り、" footer-label="と名付ける"
	editable-label="yes" label-unique="yes" color="230 0 255 ">
	<description>
		<text>
			オブジェクト型のローカル変数を宣言します。変数名を設定してください。
		</text>
	</description>
	<BlockConnectors>
		<BlockConnector label="初期値" connector-kind="socket"
			connector-type="object">
			<DefaultArg genus-name="new-object-withtext" label="SoundTurtle"></DefaultArg>
		</BlockConnector>
	</BlockConnectors>
	<Stubs>
		<Stub stub-genus="callActionMethod">
			<LangSpecProperties>
				<LangSpecProperty key="vm-cmd-name" value="eval-local"></LangSpecProperty>
				<LangSpecProperty key="scope" value="local"></LangSpecProperty>
			</LangSpecProperties>
		</Stub>
		<Stub stub-genus="callGetterMethod">
			<LangSpecProperties>
				<LangSpecProperty key="vm-cmd-name" value="eval-local"></LangSpecProperty>
				<LangSpecProperty key="scope" value="local"></LangSpecProperty>
			</LangSpecProperties>
		</Stub>
		<Stub stub-genus="callBooleanMethod">
			<LangSpecProperties>
				<LangSpecProperty key="vm-cmd-name" value="eval-local"></LangSpecProperty>
				<LangSpecProperty key="scope" value="local"></LangSpecProperty>
			</LangSpecProperties>
		</Stub>
		<Stub stub-genus="callDoubleMethod">
			<LangSpecProperties>
				<LangSpecProperty key="vm-cmd-name" value="eval-local"></LangSpecProperty>
				<LangSpecProperty key="scope" value="local"></LangSpecProperty>
			</LangSpecProperties>
		</Stub>
		<Stub stub-genus="callStringMethod">
			<LangSpecProperties>
				<LangSpecProperty key="vm-cmd-name" value="eval-local"></LangSpecProperty>
				<LangSpecProperty key="scope" value="local"></LangSpecProperty>
			</LangSpecProperties>
		</Stub>
		<Stub stub-genus="getter">
			<LangSpecProperties>
				<LangSpecProperty key="vm-cmd-name" value="eval-local"></LangSpecProperty>
				<LangSpecProperty key="scope" value="local"></LangSpecProperty>
			</LangSpecProperties>
		</Stub>
		<Stub stub-genus="setter">
			<LangSpecProperties>
				<LangSpecProperty key="vm-cmd-name" value="eval-setlocal"></LangSpecProperty>
				<LangSpecProperty key="scope" value="local"></LangSpecProperty>
			</LangSpecProperties>
		</Stub>
	</Stubs>
	<LangSpecProperties>
		<LangSpecProperty key="scope" value="local"></LangSpecProperty>
		<LangSpecProperty key="type" value="object"></LangSpecProperty>
		<LangSpecProperty key="is-owned-by-breed" value="yes"></LangSpecProperty>
		<LangSpecProperty key="is-monitorable" value="yes"></LangSpecProperty>
	</LangSpecProperties>
</BlockGenus>

<BlockGenus name="local-var-object-List" kind="local-variable"
	initlabel="turtles" header-label="ListTurtle＜Turtle＞型の変数を作り、"
	footer-label="と名付ける" editable-label="yes" label-unique="yes" color="255 255 100">
	<BlockConnectors>
		<BlockConnector label="初期値" connector-kind="socket"
			connector-type="object">
			<DefaultArg genus-name="new-object" label="ListTurtle＜Turtle＞"></DefaultArg>
		</BlockConnector>
	</BlockConnectors>
	<Stubs>
		<Stub stub-genus="callActionMethod">
			<LangSpecProperties>
				<LangSpecProperty key="vm-cmd-name" value="eval-local"></LangSpecProperty>
				<LangSpecProperty key="scope" value="local"></LangSpecProperty>
			</LangSpecProperties>
		</Stub>
		<Stub stub-genus="callGetterMethod">
			<LangSpecProperties>
				<LangSpecProperty key="vm-cmd-name" value="eval-local"></LangSpecProperty>
				<LangSpecProperty key="scope" value="local"></LangSpecProperty>
			</LangSpecProperties>
		</Stub>
		<Stub stub-genus="callBooleanMethod">
			<LangSpecProperties>
				<LangSpecProperty key="vm-cmd-name" value="eval-local"></LangSpecProperty>
				<LangSpecProperty key="scope" value="local"></LangSpecProperty>
			</LangSpecProperties>
		</Stub>
		<Stub stub-genus="callDoubleMethod">
			<LangSpecProperties>
				<LangSpecProperty key="vm-cmd-name" value="eval-local"></LangSpecProperty>
				<LangSpecProperty key="scope" value="local"></LangSpecProperty>
			</LangSpecProperties>
		</Stub>
		<Stub stub-genus="callStringMethod">
			<LangSpecProperties>
				<LangSpecProperty key="vm-cmd-name" value="eval-local"></LangSpecProperty>
				<LangSpecProperty key="scope" value="local"></LangSpecProperty>
			</LangSpecProperties>
		</Stub>
		<Stub stub-genus="getter">
			<LangSpecProperties>
				<LangSpecProperty key="vm-cmd-name" value="eval-local"></LangSpecProperty>
				<LangSpecProperty key="scope" value="local"></LangSpecProperty>
			</LangSpecProperties>
		</Stub>
		<Stub stub-genus="setter">
			<LangSpecProperties>
				<LangSpecProperty key="vm-cmd-name" value="eval-setlocal"></LangSpecProperty>
				<LangSpecProperty key="scope" value="local"></LangSpecProperty>
			</LangSpecProperties>
		</Stub>
	</Stubs>
	<LangSpecProperties>
		<LangSpecProperty key="scope" value="local"></LangSpecProperty>
		<LangSpecProperty key="type" value="object"></LangSpecProperty>
		<LangSpecProperty key="is-owned-by-breed" value="yes"></LangSpecProperty>
		<LangSpecProperty key="is-monitorable" value="yes"></LangSpecProperty>
	</LangSpecProperties>
</BlockGenus>

<BlockGenus name="new-object-CardTurtle" kind="function"
	initlabel="CardTurtle" editable-label="yes" header-label="新しく"
	footer-label="を作る" color="16 240 27">
	<BlockConnectors>
		<BlockConnector connector-kind="plug" connector-type="object"></BlockConnector>
		<BlockConnector label="" connector-kind="socket"
			connector-type="number">
			<DefaultArg genus-name="number" label="0"></DefaultArg>
		</BlockConnector>
	</BlockConnectors>
</BlockGenus>

<BlockGenus name="new-object-ButtonTurtle" kind="function"
	initlabel="ButtonTurtle" editable-label="yes" header-label="新しく"
	footer-label="を作る" color="16 240 27">
	<BlockConnectors>
		<BlockConnector connector-kind="plug" connector-type="object"></BlockConnector>
		<BlockConnector label="" connector-kind="socket"
			connector-type="string">
			<DefaultArg genus-name="string" label="押してください"></DefaultArg>
		</BlockConnector>
	</BlockConnectors>
</BlockGenus>

<BlockGenus name="new-object-InputTurtle" kind="function"
	initlabel="InputTurtle" editable-label="yes" header-label="新しく"
	footer-label="を作る" color="16 240 27">
	<BlockConnectors>
		<BlockConnector connector-kind="plug" connector-type="object"></BlockConnector>
		<BlockConnector label="" connector-kind="socket"
			connector-type="string">
			<DefaultArg genus-name="string" label="初期テキスト"></DefaultArg>
		</BlockConnector>
	</BlockConnectors>
</BlockGenus>

<BlockGenus name="new-object-Color" kind="function"
	initlabel="Color" editable-label="yes" header-label="新しく" footer-label="を作る"
	color="16 240 27">
	<BlockConnectors>
		<BlockConnector connector-kind="plug" connector-type="object"></BlockConnector>
		<BlockConnector label="R" connector-kind="socket"
			connector-type="number">
			<DefaultArg genus-name="number" label="0"></DefaultArg>
		</BlockConnector>
		<BlockConnector label="G" connector-kind="socket"
			connector-type="number">
			<DefaultArg genus-name="number" label="0"></DefaultArg>
		</BlockConnector>
		<BlockConnector label="B" connector-kind="socket"
			connector-type="number">
			<DefaultArg genus-name="number" label="0"></DefaultArg>
		</BlockConnector>
	</BlockConnectors>
</BlockGenus>

<BlockGenus name="private-var-object" kind="global-variable"
	initlabel="t" header-label="Object型のインスタンス変数を作り、" footer-label="と名付ける"
	editable-label="yes" label-unique="yes" color="230 0 255 ">
	<description>
		<text>
			オブジェクト型のローカル変数を宣言します。変数名を設定してください。
		</text>
	</description>
	<BlockConnectors>
		<BlockConnector label="初期値" connector-kind="socket"
			connector-type="object">
			<DefaultArg genus-name="new-object" label="Turtle"></DefaultArg>
		</BlockConnector>
	</BlockConnectors>
	<Stubs>
		<Stub stub-genus="callActionMethod">
			<LangSpecProperties>
				<LangSpecProperty key="vm-cmd-name" value="eval-local"></LangSpecProperty>
				<LangSpecProperty key="scope" value="local"></LangSpecProperty>
			</LangSpecProperties>
		</Stub>
		<Stub stub-genus="callGetterMethod">
			<LangSpecProperties>
				<LangSpecProperty key="vm-cmd-name" value="eval-local"></LangSpecProperty>
				<LangSpecProperty key="scope" value="local"></LangSpecProperty>
			</LangSpecProperties>
		</Stub>
		<Stub stub-genus="callBooleanMethod">
			<LangSpecProperties>
				<LangSpecProperty key="vm-cmd-name" value="eval-local"></LangSpecProperty>
				<LangSpecProperty key="scope" value="local"></LangSpecProperty>
			</LangSpecProperties>
		</Stub>
		<Stub stub-genus="callDoubleMethod">
			<LangSpecProperties>
				<LangSpecProperty key="vm-cmd-name" value="eval-local"></LangSpecProperty>
				<LangSpecProperty key="scope" value="local"></LangSpecProperty>
			</LangSpecProperties>
		</Stub>
		<Stub stub-genus="callStringMethod">
			<LangSpecProperties>
				<LangSpecProperty key="vm-cmd-name" value="eval-local"></LangSpecProperty>
				<LangSpecProperty key="scope" value="local"></LangSpecProperty>
			</LangSpecProperties>
		</Stub>
		<Stub stub-genus="callObjectMethod">
			<LangSpecProperties>
				<LangSpecProperty key="vm-cmd-name" value="eval-local"></LangSpecProperty>
				<LangSpecProperty key="scope" value="local"></LangSpecProperty>
			</LangSpecProperties>
		</Stub>
		<Stub stub-genus="getter">
			<LangSpecProperties>
				<LangSpecProperty key="vm-cmd-name" value="eval-local"></LangSpecProperty>
				<LangSpecProperty key="scope" value="local"></LangSpecProperty>
			</LangSpecProperties>
		</Stub>
		<Stub stub-genus="setter">
			<LangSpecProperties>
				<LangSpecProperty key="vm-cmd-name" value="eval-setlocal"></LangSpecProperty>
				<LangSpecProperty key="scope" value="local"></LangSpecProperty>
			</LangSpecProperties>
		</Stub>
	</Stubs>
	<LangSpecProperties>
		<LangSpecProperty key="scope" value="global"></LangSpecProperty>
		<LangSpecProperty key="type" value="object"></LangSpecProperty>
		<LangSpecProperty key="is-owned-by-breed" value="yes"></LangSpecProperty>
		<LangSpecProperty key="is-monitorable" value="yes"></LangSpecProperty>
	</LangSpecProperties>
</BlockGenus>

<BlockGenus name="private-var-object-Text" kind="global-variable"
	initlabel="tt" header-label="TextTurtle型のインスタンス変数を作り、" footer-label="と名付ける"
	editable-label="yes" label-unique="yes" color="230 0 255 ">
	<description>
		<text>
			オブジェクト型のローカル変数を宣言します。変数名を設定してください。
		</text>
	</description>
	<BlockConnectors>
		<BlockConnector label="初期値" connector-kind="socket"
			connector-type="object">
			<DefaultArg genus-name="new-object-withtext" label="TextTurtle"></DefaultArg>
		</BlockConnector>
	</BlockConnectors>
	<Stubs>
		<Stub stub-genus="callActionMethod">
			<LangSpecProperties>
				<LangSpecProperty key="vm-cmd-name" value="eval-local"></LangSpecProperty>
				<LangSpecProperty key="scope" value="local"></LangSpecProperty>
			</LangSpecProperties>
		</Stub>
		<Stub stub-genus="callGetterMethod">
			<LangSpecProperties>
				<LangSpecProperty key="vm-cmd-name" value="eval-local"></LangSpecProperty>
				<LangSpecProperty key="scope" value="local"></LangSpecProperty>
			</LangSpecProperties>
		</Stub>
		<Stub stub-genus="callBooleanMethod">
			<LangSpecProperties>
				<LangSpecProperty key="vm-cmd-name" value="eval-local"></LangSpecProperty>
				<LangSpecProperty key="scope" value="local"></LangSpecProperty>
			</LangSpecProperties>
		</Stub>
		<Stub stub-genus="callDoubleMethod">
			<LangSpecProperties>
				<LangSpecProperty key="vm-cmd-name" value="eval-local"></LangSpecProperty>
				<LangSpecProperty key="scope" value="local"></LangSpecProperty>
			</LangSpecProperties>
		</Stub>
		<Stub stub-genus="callStringMethod">
			<LangSpecProperties>
				<LangSpecProperty key="vm-cmd-name" value="eval-local"></LangSpecProperty>
				<LangSpecProperty key="scope" value="local"></LangSpecProperty>
			</LangSpecProperties>
		</Stub>
		<Stub stub-genus="getter">
			<LangSpecProperties>
				<LangSpecProperty key="vm-cmd-name" value="eval-local"></LangSpecProperty>
				<LangSpecProperty key="scope" value="local"></LangSpecProperty>
			</LangSpecProperties>
		</Stub>
		<Stub stub-genus="setter">
			<LangSpecProperties>
				<LangSpecProperty key="vm-cmd-name" value="eval-setlocal"></LangSpecProperty>
				<LangSpecProperty key="scope" value="local"></LangSpecProperty>
			</LangSpecProperties>
		</Stub>
	</Stubs>
	<LangSpecProperties>
		<LangSpecProperty key="scope" value="local"></LangSpecProperty>
		<LangSpecProperty key="type" value="object"></LangSpecProperty>
		<LangSpecProperty key="is-owned-by-breed" value="yes"></LangSpecProperty>
		<LangSpecProperty key="is-monitorable" value="yes"></LangSpecProperty>
	</LangSpecProperties>
</BlockGenus>

<BlockGenus name="private-var-object-Image" kind="global-variable"
	initlabel="it" header-label="ImageTurtle型のインスタンス変数を作り、" footer-label="と名付ける"
	editable-label="yes" label-unique="yes" color="230 0 255 ">
	<BlockConnectors>
		<BlockConnector label="初期値" connector-kind="socket"
			connector-type="object">
			<DefaultArg genus-name="new-object-withtext" label="ImageTurtle"></DefaultArg>
		</BlockConnector>
	</BlockConnectors>
	<Stubs>
		<Stub stub-genus="callActionMethod">
			<LangSpecProperties>
				<LangSpecProperty key="vm-cmd-name" value="eval-local"></LangSpecProperty>
				<LangSpecProperty key="scope" value="local"></LangSpecProperty>
			</LangSpecProperties>
		</Stub>
		<Stub stub-genus="callGetterMethod">
			<LangSpecProperties>
				<LangSpecProperty key="vm-cmd-name" value="eval-local"></LangSpecProperty>
				<LangSpecProperty key="scope" value="local"></LangSpecProperty>
			</LangSpecProperties>
		</Stub>
		<Stub stub-genus="callBooleanMethod">
			<LangSpecProperties>
				<LangSpecProperty key="vm-cmd-name" value="eval-local"></LangSpecProperty>
				<LangSpecProperty key="scope" value="local"></LangSpecProperty>
			</LangSpecProperties>
		</Stub>
		<Stub stub-genus="callDoubleMethod">
			<LangSpecProperties>
				<LangSpecProperty key="vm-cmd-name" value="eval-local"></LangSpecProperty>
				<LangSpecProperty key="scope" value="local"></LangSpecProperty>
			</LangSpecProperties>
		</Stub>
		<Stub stub-genus="callStringMethod">
			<LangSpecProperties>
				<LangSpecProperty key="vm-cmd-name" value="eval-local"></LangSpecProperty>
				<LangSpecProperty key="scope" value="local"></LangSpecProperty>
			</LangSpecProperties>
		</Stub>
		<Stub stub-genus="getter">
			<LangSpecProperties>
				<LangSpecProperty key="vm-cmd-name" value="eval-local"></LangSpecProperty>
				<LangSpecProperty key="scope" value="local"></LangSpecProperty>
			</LangSpecProperties>
		</Stub>
		<Stub stub-genus="setter">
			<LangSpecProperties>
				<LangSpecProperty key="vm-cmd-name" value="eval-setlocal"></LangSpecProperty>
				<LangSpecProperty key="scope" value="local"></LangSpecProperty>
			</LangSpecProperties>
		</Stub>
	</Stubs>
	<LangSpecProperties>
		<LangSpecProperty key="scope" value="local"></LangSpecProperty>
		<LangSpecProperty key="type" value="object"></LangSpecProperty>
		<LangSpecProperty key="is-owned-by-breed" value="yes"></LangSpecProperty>
		<LangSpecProperty key="is-monitorable" value="yes"></LangSpecProperty>
	</LangSpecProperties>
</BlockGenus>

<BlockGenus name="private-var-object-Sound" kind="global-variable"
	initlabel="st" header-label="SoundTurtle型のインスタンス変数を作り、" footer-label="と名付ける"
	editable-label="yes" label-unique="yes" color="230 0 255 ">
	<description>
		<text>
			オブジェクト型のローカル変数を宣言します。変数名を設定してください。
		</text>
	</description>
	<BlockConnectors>
		<BlockConnector label="初期値" connector-kind="socket"
			connector-type="object">
			<DefaultArg genus-name="new-object-withtext" label="SoundTurtle"></DefaultArg>
		</BlockConnector>
	</BlockConnectors>
	<Stubs>
		<Stub stub-genus="callActionMethod">
			<LangSpecProperties>
				<LangSpecProperty key="vm-cmd-name" value="eval-local"></LangSpecProperty>
				<LangSpecProperty key="scope" value="local"></LangSpecProperty>
			</LangSpecProperties>
		</Stub>
		<Stub stub-genus="callGetterMethod">
			<LangSpecProperties>
				<LangSpecProperty key="vm-cmd-name" value="eval-local"></LangSpecProperty>
				<LangSpecProperty key="scope" value="local"></LangSpecProperty>
			</LangSpecProperties>
		</Stub>
		<Stub stub-genus="callBooleanMethod">
			<LangSpecProperties>
				<LangSpecProperty key="vm-cmd-name" value="eval-local"></LangSpecProperty>
				<LangSpecProperty key="scope" value="local"></LangSpecProperty>
			</LangSpecProperties>
		</Stub>
		<Stub stub-genus="callDoubleMethod">
			<LangSpecProperties>
				<LangSpecProperty key="vm-cmd-name" value="eval-local"></LangSpecProperty>
				<LangSpecProperty key="scope" value="local"></LangSpecProperty>
			</LangSpecProperties>
		</Stub>
		<Stub stub-genus="callStringMethod">
			<LangSpecProperties>
				<LangSpecProperty key="vm-cmd-name" value="eval-local"></LangSpecProperty>
				<LangSpecProperty key="scope" value="local"></LangSpecProperty>
			</LangSpecProperties>
		</Stub>
		<Stub stub-genus="getter">
			<LangSpecProperties>
				<LangSpecProperty key="vm-cmd-name" value="eval-local"></LangSpecProperty>
				<LangSpecProperty key="scope" value="local"></LangSpecProperty>
			</LangSpecProperties>
		</Stub>
		<Stub stub-genus="setter">
			<LangSpecProperties>
				<LangSpecProperty key="vm-cmd-name" value="eval-setlocal"></LangSpecProperty>
				<LangSpecProperty key="scope" value="local"></LangSpecProperty>
			</LangSpecProperties>
		</Stub>
	</Stubs>
	<LangSpecProperties>
		<LangSpecProperty key="scope" value="local"></LangSpecProperty>
		<LangSpecProperty key="type" value="object"></LangSpecProperty>
		<LangSpecProperty key="is-owned-by-breed" value="yes"></LangSpecProperty>
		<LangSpecProperty key="is-monitorable" value="yes"></LangSpecProperty>
	</LangSpecProperties>
</BlockGenus>

<BlockGenus name="private-var-object-List" kind="global-variable"
	initlabel="turtles" header-label="ListTurtle＜Turtle＞型のインスタンス変数を作り、"
	footer-label="と名付ける" editable-label="yes" label-unique="yes" color="255 255 100">
	<BlockConnectors>
		<BlockConnector label="初期値" connector-kind="socket"
			connector-type="poly">
			<DefaultArg genus-name="new-object" label="ListTurtle＜Turtle＞"></DefaultArg>
		</BlockConnector>
	</BlockConnectors>
	<Stubs>
		<Stub stub-genus="callActionMethod">
			<LangSpecProperties>
				<LangSpecProperty key="vm-cmd-name" value="eval-local"></LangSpecProperty>
				<LangSpecProperty key="scope" value="local"></LangSpecProperty>
			</LangSpecProperties>
		</Stub>
		<Stub stub-genus="callGetterMethod">
			<LangSpecProperties>
				<LangSpecProperty key="vm-cmd-name" value="eval-local"></LangSpecProperty>
				<LangSpecProperty key="scope" value="local"></LangSpecProperty>
			</LangSpecProperties>
		</Stub>
		<Stub stub-genus="callBooleanMethod">
			<LangSpecProperties>
				<LangSpecProperty key="vm-cmd-name" value="eval-local"></LangSpecProperty>
				<LangSpecProperty key="scope" value="local"></LangSpecProperty>
			</LangSpecProperties>
		</Stub>
		<Stub stub-genus="callDoubleMethod">
			<LangSpecProperties>
				<LangSpecProperty key="vm-cmd-name" value="eval-local"></LangSpecProperty>
				<LangSpecProperty key="scope" value="local"></LangSpecProperty>
			</LangSpecProperties>
		</Stub>
		<Stub stub-genus="callStringMethod">
			<LangSpecProperties>
				<LangSpecProperty key="vm-cmd-name" value="eval-local"></LangSpecProperty>
				<LangSpecProperty key="scope" value="local"></LangSpecProperty>
			</LangSpecProperties>
		</Stub>
		<Stub stub-genus="getter">
			<LangSpecProperties>
				<LangSpecProperty key="vm-cmd-name" value="eval-local"></LangSpecProperty>
				<LangSpecProperty key="scope" value="local"></LangSpecProperty>
			</LangSpecProperties>
		</Stub>
		<Stub stub-genus="setter">
			<LangSpecProperties>
				<LangSpecProperty key="vm-cmd-name" value="eval-setlocal"></LangSpecProperty>
				<LangSpecProperty key="scope" value="local"></LangSpecProperty>
			</LangSpecProperties>
		</Stub>
	</Stubs>
	<LangSpecProperties>
		<LangSpecProperty key="scope" value="local"></LangSpecProperty>
		<LangSpecProperty key="type" value="object"></LangSpecProperty>
		<LangSpecProperty key="is-owned-by-breed" value="yes"></LangSpecProperty>
		<LangSpecProperty key="is-monitorable" value="yes"></LangSpecProperty>
	</LangSpecProperties>
</BlockGenus>

<BlockGenus name="new-arrayobject-numberarray" kind="function"
	initlabel="intArray" editable-label="yes" header-label="新しく"
	footer-label="を作る" color="16 240 27">
	<description>
		<text>
			新しいint型の配列オブジェクトを生成します。
		</text>
	</description>
	<BlockConnectors>
		<BlockConnector connector-kind="object" connector-type="object"></BlockConnector>
		<BlockConnector label="サイズ" connector-kind="socket"
			connector-type="number">
			<DefaultArg genus-name="number" label="10"></DefaultArg>
		</BlockConnector>
	</BlockConnectors>
	<LangSpecProperties>
		<LangSpecProperty key="vm-cmd-name" value="new-object"></LangSpecProperty>
		<LangSpecProperty key="stack-type" value="breed"></LangSpecProperty>
	</LangSpecProperties>
</BlockGenus>

<BlockGenus name="new-arrayobject-stringarray" kind="function"
	initlabel="stringArray" editable-label="yes" header-label="新しく"
	footer-label="を作る" color="16 240 27">
	<description>
		<text>
			新しいstring型の配列オブジェクトを生成します。
		</text>
	</description>
	<BlockConnectors>
		<BlockConnector connector-kind="object" connector-type="object"></BlockConnector>
		<BlockConnector label="サイズ" connector-kind="socket"
			connector-type="number">
			<DefaultArg genus-name="number" label="10"></DefaultArg>
		</BlockConnector>
	</BlockConnectors>
	<LangSpecProperties>
		<LangSpecProperty key="vm-cmd-name" value="new-object"></LangSpecProperty>
		<LangSpecProperty key="stack-type" value="breed"></LangSpecProperty>
	</LangSpecProperties>
</BlockGenus>

<BlockGenus name="new-arrayobject-double-numberarray" kind="function"
	initlabel="doubleArray" editable-label="yes" header-label="新しく"
	footer-label="を作る" color="16 240 27">
	<description>
		<text>
			新しいdouble型の配列オブジェクトを生成します。
		</text>
	</description>
	<BlockConnectors>
		<BlockConnector connector-kind="object" connector-type="object"></BlockConnector>
		<BlockConnector label="サイズ" connector-kind="socket"
			connector-type="number">
			<DefaultArg genus-name="number" label="10"></DefaultArg>
		</BlockConnector>
	</BlockConnectors>
	<LangSpecProperties>
		<LangSpecProperty key="vm-cmd-name" value="new-object"></LangSpecProperty>
		<LangSpecProperty key="stack-type" value="breed"></LangSpecProperty>
	</LangSpecProperties>
</BlockGenus>

<BlockGenus name="new-arrayobject-objectarray" kind="function"
	initlabel="objetArray" editable-label="yes" header-label="新しく"
	footer-label="を作る" color="16 240 27">
	<description>
		<text>
			新しいobject型の配列オブジェクトを生成します。
		</text>
	</description>
	<BlockConnectors>
		<BlockConnector connector-kind="object" connector-type="object"></BlockConnector>
		<BlockConnector label="サイズ" connector-kind="socket"
			connector-type="number">
			<DefaultArg genus-name="number" label="10"></DefaultArg>
		</BlockConnector>
	</BlockConnectors>
	<LangSpecProperties>
		<LangSpecProperty key="vm-cmd-name" value="new-object"></LangSpecProperty>
		<LangSpecProperty key="stack-type" value="breed"></LangSpecProperty>
	</LangSpecProperties>
</BlockGenus>


<BlockGenus name="super" kind="function" initlabel="super"
	color="255 0 0">
	<description>
		<text>
			親クラスのコンストラクタを呼び出します
		</text>
	</description>
	<BlockConnectors>
	</BlockConnectors>
	<LangSpecProperties>
		<LangSpecProperty key="vm-cmd-name" value="super"></LangSpecProperty>
		<LangSpecProperty key="stack-type" value="breed"></LangSpecProperty>
	</LangSpecProperties>
</BlockGenus>

<BlockGenus name="new-listobject" kind="function" initlabel="ArrayList"
	header-label="新しく" footer-label="を作る" color="16 240 27">
	<description>
		<text>
			指定した型のリストを生成します
		</text>
	</description>
	<BlockConnectors>
		<BlockConnector connector-kind="object" connector-type="object"></BlockConnector>
		<BlockConnector label="何型の？" connector-kind="socket"
			connector-type="poly">
			<DefaultArg genus-name="type-object" label="String"></DefaultArg>
		</BlockConnector>
	</BlockConnectors>
	<Stubs>
		<Stub stub-genus="getter" kind="object">
			<LangSpecProperties>
				<LangSpecProperty key="vm-cmd-name" value="eval-local"></LangSpecProperty>
				<LangSpecProperty key="scope" value="local"></LangSpecProperty>
			</LangSpecProperties>
		</Stub>
		<Stub stub-genus="setter" kind="object">
			<LangSpecProperties>
				<LangSpecProperty key="vm-cmd-name" value="eval-setlocal"></LangSpecProperty>
				<LangSpecProperty key="scope" value="local"></LangSpecProperty>
			</LangSpecProperties>
		</Stub>
	</Stubs>
	<LangSpecProperties>
		<LangSpecProperty key="vm-cmd-name" value="new-object"></LangSpecProperty>
		<LangSpecProperty key="stack-type" value="breed"></LangSpecProperty>
	</LangSpecProperties>
</BlockGenus>


<BlockGenus name="new-linkedlistobject" kind="function" initlabel="LinkedList"
	header-label="新しく" footer-label="を作る" color="16 240 27">
	<description>
		<text>
			指定した型のリストを生成します
		</text>
	</description>
	<BlockConnectors>
		<BlockConnector connector-kind="object" connector-type="object"></BlockConnector>
		<BlockConnector label="何型の？" connector-kind="socket"
			connector-type="poly">
			<DefaultArg genus-name="type-object" label="String"></DefaultArg>
		</BlockConnector>
	</BlockConnectors>
	<Stubs>
		<Stub stub-genus="getter" kind="object">
			<LangSpecProperties>
				<LangSpecProperty key="vm-cmd-name" value="eval-local"></LangSpecProperty>
				<LangSpecProperty key="scope" value="local"></LangSpecProperty>
			</LangSpecProperties>
		</Stub>
		<Stub stub-genus="setter" kind="object">
			<LangSpecProperties>
				<LangSpecProperty key="vm-cmd-name" value="eval-setlocal"></LangSpecProperty>
				<LangSpecProperty key="scope" value="local"></LangSpecProperty>
			</LangSpecProperties>
		</Stub>
	</Stubs>
	<LangSpecProperties>
		<LangSpecProperty key="vm-cmd-name" value="new-object"></LangSpecProperty>
		<LangSpecProperty key="stack-type" value="breed"></LangSpecProperty>
	</LangSpecProperties>
</BlockGenus>

<BlockGenus name="local-var-listobject" kind="local-variable"
	initlabel="t" header-label="List型の変数を作り、" footer-label="と名付ける"
	editable-label="yes" label-unique="yes" color="230 0 255 ">
	<description>
		<text>
			オブジェクト型のローカル変数を宣言します。変数名を設定してください。
		</text>
	</description>
	<BlockConnectors>
		<BlockConnector label="初期値" connector-kind="socket"
			connector-type="object">
			<DefaultArg genus-name="new-listobject" label="ArrayList"></DefaultArg>	
		</BlockConnector>
	</BlockConnectors>
	<Stubs>
		<Stub stub-genus="callActionMethod">
			<LangSpecProperties>
				<LangSpecProperty key="vm-cmd-name" value="eval-local"></LangSpecProperty>
				<LangSpecProperty key="scope" value="local"></LangSpecProperty>
			</LangSpecProperties>
		</Stub>
		<Stub stub-genus="callGetterMethod">
			<LangSpecProperties>
				<LangSpecProperty key="vm-cmd-name" value="eval-local"></LangSpecProperty>
				<LangSpecProperty key="scope" value="local"></LangSpecProperty>
			</LangSpecProperties>
		</Stub>
		<Stub stub-genus="callBooleanMethod">
			<LangSpecProperties>
				<LangSpecProperty key="vm-cmd-name" value="eval-local"></LangSpecProperty>
				<LangSpecProperty key="scope" value="local"></LangSpecProperty>
			</LangSpecProperties>
		</Stub>
		<Stub stub-genus="callDoubleMethod">
			<LangSpecProperties>
				<LangSpecProperty key="vm-cmd-name" value="eval-local"></LangSpecProperty>
				<LangSpecProperty key="scope" value="local"></LangSpecProperty>
			</LangSpecProperties>
		</Stub>
		<Stub stub-genus="callStringMethod">
			<LangSpecProperties>
				<LangSpecProperty key="vm-cmd-name" value="eval-local"></LangSpecProperty>
				<LangSpecProperty key="scope" value="local"></LangSpecProperty>
			</LangSpecProperties>
		</Stub>
		<Stub stub-genus="callObjectMethod">
			<LangSpecProperties>
				<LangSpecProperty key="vm-cmd-name" value="eval-local"></LangSpecProperty>
				<LangSpecProperty key="scope" value="local"></LangSpecProperty>
			</LangSpecProperties>
		</Stub>
		<Stub stub-genus="getter">
			<LangSpecProperties>
				<LangSpecProperty key="vm-cmd-name" value="eval-local"></LangSpecProperty>
				<LangSpecProperty key="scope" value="local"></LangSpecProperty>
			</LangSpecProperties>
		</Stub>
		<Stub stub-genus="setter">
			<LangSpecProperties>
				<LangSpecProperty key="vm-cmd-name" value="eval-setlocal"></LangSpecProperty>
				<LangSpecProperty key="scope" value="local"></LangSpecProperty>
			</LangSpecProperties>
		</Stub>
	</Stubs>
	<LangSpecProperties>
		<LangSpecProperty key="scope" value="local"></LangSpecProperty>
		<LangSpecProperty key="type" value="object"></LangSpecProperty>
		<LangSpecProperty key="is-owned-by-breed" value="yes"></LangSpecProperty>
		<LangSpecProperty key="is-monitorable" value="yes"></LangSpecProperty>
	</LangSpecProperties>
</BlockGenus>

<BlockGenus name="local-var-linkedlistobject" kind="local-variable"
	initlabel="t" header-label="LinkedList型の変数を作り、" footer-label="と名付ける"
	editable-label="yes" label-unique="yes" color="230 0 255 ">
	<description>
		<text>
			オブジェクト型のローカル変数を宣言します。変数名を設定してください。
		</text>
	</description>
	<BlockConnectors>
		<BlockConnector label="初期値" connector-kind="socket"
			connector-type="object">
			<DefaultArg genus-name="new-linkedlistobject" label="LinkedList"></DefaultArg>	
		</BlockConnector>
	</BlockConnectors>
	<Stubs>
		<Stub stub-genus="callActionMethod">
			<LangSpecProperties>
				<LangSpecProperty key="vm-cmd-name" value="eval-local"></LangSpecProperty>
				<LangSpecProperty key="scope" value="local"></LangSpecProperty>
			</LangSpecProperties>
		</Stub>
		<Stub stub-genus="callGetterMethod">
			<LangSpecProperties>
				<LangSpecProperty key="vm-cmd-name" value="eval-local"></LangSpecProperty>
				<LangSpecProperty key="scope" value="local"></LangSpecProperty>
			</LangSpecProperties>
		</Stub>
		<Stub stub-genus="callBooleanMethod">
			<LangSpecProperties>
				<LangSpecProperty key="vm-cmd-name" value="eval-local"></LangSpecProperty>
				<LangSpecProperty key="scope" value="local"></LangSpecProperty>
			</LangSpecProperties>
		</Stub>
		<Stub stub-genus="callDoubleMethod">
			<LangSpecProperties>
				<LangSpecProperty key="vm-cmd-name" value="eval-local"></LangSpecProperty>
				<LangSpecProperty key="scope" value="local"></LangSpecProperty>
			</LangSpecProperties>
		</Stub>
		<Stub stub-genus="callStringMethod">
			<LangSpecProperties>
				<LangSpecProperty key="vm-cmd-name" value="eval-local"></LangSpecProperty>
				<LangSpecProperty key="scope" value="local"></LangSpecProperty>
			</LangSpecProperties>
		</Stub>
		<Stub stub-genus="callObjectMethod">
			<LangSpecProperties>
				<LangSpecProperty key="vm-cmd-name" value="eval-local"></LangSpecProperty>
				<LangSpecProperty key="scope" value="local"></LangSpecProperty>
			</LangSpecProperties>
		</Stub>
		<Stub stub-genus="getter">
			<LangSpecProperties>
				<LangSpecProperty key="vm-cmd-name" value="eval-local"></LangSpecProperty>
				<LangSpecProperty key="scope" value="local"></LangSpecProperty>
			</LangSpecProperties>
		</Stub>
		<Stub stub-genus="setter">
			<LangSpecProperties>
				<LangSpecProperty key="vm-cmd-name" value="eval-setlocal"></LangSpecProperty>
				<LangSpecProperty key="scope" value="local"></LangSpecProperty>
			</LangSpecProperties>
		</Stub>
	</Stubs>
	<LangSpecProperties>
		<LangSpecProperty key="scope" value="local"></LangSpecProperty>
		<LangSpecProperty key="type" value="object"></LangSpecProperty>
		<LangSpecProperty key="is-owned-by-breed" value="yes"></LangSpecProperty>
		<LangSpecProperty key="is-monitorable" value="yes"></LangSpecProperty>
	</LangSpecProperties>
</BlockGenus>

<BlockGenus name="local-var-arraylistobject" kind="local-variable"
	initlabel="t" header-label="ArrayList型の変数を作り、" footer-label="と名付ける"
	editable-label="yes" label-unique="yes" color="230 0 255 ">
	<description>
		<text>
			オブジェクト型のローカル変数を宣言します。変数名を設定してください。
		</text>
	</description>
	<BlockConnectors>
		<BlockConnector label="初期値" connector-kind="socket"
			connector-type="object">
			<DefaultArg genus-name="new-listobject" label="ArrayList"></DefaultArg>	
		</BlockConnector>
	</BlockConnectors>
	<Stubs>
		<Stub stub-genus="callActionMethod">
			<LangSpecProperties>
				<LangSpecProperty key="vm-cmd-name" value="eval-local"></LangSpecProperty>
				<LangSpecProperty key="scope" value="local"></LangSpecProperty>
			</LangSpecProperties>
		</Stub>
		<Stub stub-genus="callGetterMethod">
			<LangSpecProperties>
				<LangSpecProperty key="vm-cmd-name" value="eval-local"></LangSpecProperty>
				<LangSpecProperty key="scope" value="local"></LangSpecProperty>
			</LangSpecProperties>
		</Stub>
		<Stub stub-genus="callBooleanMethod">
			<LangSpecProperties>
				<LangSpecProperty key="vm-cmd-name" value="eval-local"></LangSpecProperty>
				<LangSpecProperty key="scope" value="local"></LangSpecProperty>
			</LangSpecProperties>
		</Stub>
		<Stub stub-genus="callDoubleMethod">
			<LangSpecProperties>
				<LangSpecProperty key="vm-cmd-name" value="eval-local"></LangSpecProperty>
				<LangSpecProperty key="scope" value="local"></LangSpecProperty>
			</LangSpecProperties>
		</Stub>
		<Stub stub-genus="callStringMethod">
			<LangSpecProperties>
				<LangSpecProperty key="vm-cmd-name" value="eval-local"></LangSpecProperty>
				<LangSpecProperty key="scope" value="local"></LangSpecProperty>
			</LangSpecProperties>
		</Stub>
		<Stub stub-genus="callObjectMethod">
			<LangSpecProperties>
				<LangSpecProperty key="vm-cmd-name" value="eval-local"></LangSpecProperty>
				<LangSpecProperty key="scope" value="local"></LangSpecProperty>
			</LangSpecProperties>
		</Stub>
		<Stub stub-genus="getter">
			<LangSpecProperties>
				<LangSpecProperty key="vm-cmd-name" value="eval-local"></LangSpecProperty>
				<LangSpecProperty key="scope" value="local"></LangSpecProperty>
			</LangSpecProperties>
		</Stub>
		<Stub stub-genus="setter">
			<LangSpecProperties>
				<LangSpecProperty key="vm-cmd-name" value="eval-setlocal"></LangSpecProperty>
				<LangSpecProperty key="scope" value="local"></LangSpecProperty>
			</LangSpecProperties>
		</Stub>
	</Stubs>
	<LangSpecProperties>
		<LangSpecProperty key="scope" value="local"></LangSpecProperty>
		<LangSpecProperty key="type" value="object"></LangSpecProperty>
		<LangSpecProperty key="is-owned-by-breed" value="yes"></LangSpecProperty>
		<LangSpecProperty key="is-monitorable" value="yes"></LangSpecProperty>
	</LangSpecProperties>
</BlockGenus>

<BlockGenus name="private-var-listobject" kind="global-variable"
	initlabel="t" header-label="List型のインスタンス変数を作り、" footer-label="と名付ける"
	editable-label="yes" label-unique="yes" color="230 0 255 ">
	<description>
		<text>
			オブジェクト型のローカル変数を宣言します。変数名を設定してください。
		</text>
	</description>
	<BlockConnectors>
		<BlockConnector label="初期値" connector-kind="socket"
			connector-type="object">
			<DefaultArg genus-name="new-listobject" label="ArrayList"></DefaultArg>
		</BlockConnector>
	</BlockConnectors>
	<Stubs>
		<Stub stub-genus="callActionMethod">
			<LangSpecProperties>
				<LangSpecProperty key="vm-cmd-name" value="eval-local"></LangSpecProperty>
				<LangSpecProperty key="scope" value="local"></LangSpecProperty>
			</LangSpecProperties>
		</Stub>
		<Stub stub-genus="callGetterMethod">
			<LangSpecProperties>
				<LangSpecProperty key="vm-cmd-name" value="eval-local"></LangSpecProperty>
				<LangSpecProperty key="scope" value="local"></LangSpecProperty>
			</LangSpecProperties>
		</Stub>
		<Stub stub-genus="callBooleanMethod">
			<LangSpecProperties>
				<LangSpecProperty key="vm-cmd-name" value="eval-local"></LangSpecProperty>
				<LangSpecProperty key="scope" value="local"></LangSpecProperty>
			</LangSpecProperties>
		</Stub>
		<Stub stub-genus="callDoubleMethod">
			<LangSpecProperties>
				<LangSpecProperty key="vm-cmd-name" value="eval-local"></LangSpecProperty>
				<LangSpecProperty key="scope" value="local"></LangSpecProperty>
			</LangSpecProperties>
		</Stub>
		<Stub stub-genus="callStringMethod">
			<LangSpecProperties>
				<LangSpecProperty key="vm-cmd-name" value="eval-local"></LangSpecProperty>
				<LangSpecProperty key="scope" value="local"></LangSpecProperty>
			</LangSpecProperties>
		</Stub>
		<Stub stub-genus="callObjectMethod">
			<LangSpecProperties>
				<LangSpecProperty key="vm-cmd-name" value="eval-local"></LangSpecProperty>
				<LangSpecProperty key="scope" value="local"></LangSpecProperty>
			</LangSpecProperties>
		</Stub>
		<Stub stub-genus="getter">
			<LangSpecProperties>
				<LangSpecProperty key="vm-cmd-name" value="eval-local"></LangSpecProperty>
				<LangSpecProperty key="scope" value="local"></LangSpecProperty>
			</LangSpecProperties>
		</Stub>
		<Stub stub-genus="setter">
			<LangSpecProperties>
				<LangSpecProperty key="vm-cmd-name" value="eval-setlocal"></LangSpecProperty>
				<LangSpecProperty key="scope" value="local"></LangSpecProperty>
			</LangSpecProperties>
		</Stub>
	</Stubs>
	<LangSpecProperties>
		<LangSpecProperty key="scope" value="local"></LangSpecProperty>
		<LangSpecProperty key="type" value="object"></LangSpecProperty>
		<LangSpecProperty key="is-owned-by-breed" value="yes"></LangSpecProperty>
		<LangSpecProperty key="is-monitorable" value="yes"></LangSpecProperty>
	</LangSpecProperties>
</BlockGenus>

<BlockGenus name="private-var-arraylistobject" kind="global-variable"
	initlabel="t" header-label="ArrayList型のインスタンス変数を作り、" footer-label="と名付ける"
	editable-label="yes" label-unique="yes" color="230 0 255 ">
	<description>
		<text>
			オブジェクト型のローカル変数を宣言します。変数名を設定してください。
		</text>
	</description>
	<BlockConnectors>
		<BlockConnector label="初期値" connector-kind="socket"
			connector-type="object">
			<DefaultArg genus-name="new-listobject" label="ArrayList"></DefaultArg>
		</BlockConnector>
	</BlockConnectors>
	<Stubs>
		<Stub stub-genus="callActionMethod">
			<LangSpecProperties>
				<LangSpecProperty key="vm-cmd-name" value="eval-local"></LangSpecProperty>
				<LangSpecProperty key="scope" value="local"></LangSpecProperty>
			</LangSpecProperties>
		</Stub>
		<Stub stub-genus="callGetterMethod">
			<LangSpecProperties>
				<LangSpecProperty key="vm-cmd-name" value="eval-local"></LangSpecProperty>
				<LangSpecProperty key="scope" value="local"></LangSpecProperty>
			</LangSpecProperties>
		</Stub>
		<Stub stub-genus="callBooleanMethod">
			<LangSpecProperties>
				<LangSpecProperty key="vm-cmd-name" value="eval-local"></LangSpecProperty>
				<LangSpecProperty key="scope" value="local"></LangSpecProperty>
			</LangSpecProperties>
		</Stub>
		<Stub stub-genus="callDoubleMethod">
			<LangSpecProperties>
				<LangSpecProperty key="vm-cmd-name" value="eval-local"></LangSpecProperty>
				<LangSpecProperty key="scope" value="local"></LangSpecProperty>
			</LangSpecProperties>
		</Stub>
		<Stub stub-genus="callStringMethod">
			<LangSpecProperties>
				<LangSpecProperty key="vm-cmd-name" value="eval-local"></LangSpecProperty>
				<LangSpecProperty key="scope" value="local"></LangSpecProperty>
			</LangSpecProperties>
		</Stub>
		<Stub stub-genus="callObjectMethod">
			<LangSpecProperties>
				<LangSpecProperty key="vm-cmd-name" value="eval-local"></LangSpecProperty>
				<LangSpecProperty key="scope" value="local"></LangSpecProperty>
			</LangSpecProperties>
		</Stub>
		<Stub stub-genus="getter">
			<LangSpecProperties>
				<LangSpecProperty key="vm-cmd-name" value="eval-local"></LangSpecProperty>
				<LangSpecProperty key="scope" value="local"></LangSpecProperty>
			</LangSpecProperties>
		</Stub>
		<Stub stub-genus="setter">
			<LangSpecProperties>
				<LangSpecProperty key="vm-cmd-name" value="eval-setlocal"></LangSpecProperty>
				<LangSpecProperty key="scope" value="local"></LangSpecProperty>
			</LangSpecProperties>
		</Stub>
	</Stubs>
	<LangSpecProperties>
		<LangSpecProperty key="scope" value="local"></LangSpecProperty>
		<LangSpecProperty key="type" value="object"></LangSpecProperty>
		<LangSpecProperty key="is-owned-by-breed" value="yes"></LangSpecProperty>
		<LangSpecProperty key="is-monitorable" value="yes"></LangSpecProperty>
	</LangSpecProperties>
</BlockGenus>

<BlockGenus name="private-var-linkedlistobject" kind="global-variable"
	initlabel="t" header-label="LinkedList型のインスタンス変数を作り、" footer-label="と名付ける"
	editable-label="yes" label-unique="yes" color="230 0 255 ">
	<description>
		<text>
			オブジェクト型のローカル変数を宣言します。変数名を設定してください。
		</text>
	</description>
	<BlockConnectors>
		<BlockConnector label="初期値" connector-kind="socket"
			connector-type="object">
			<DefaultArg genus-name="new-linkedlistobject" label="LinkedList"></DefaultArg>	
		</BlockConnector>
	</BlockConnectors>
	<Stubs>
		<Stub stub-genus="callActionMethod">
			<LangSpecProperties>
				<LangSpecProperty key="vm-cmd-name" value="eval-local"></LangSpecProperty>
				<LangSpecProperty key="scope" value="local"></LangSpecProperty>
			</LangSpecProperties>
		</Stub>
		<Stub stub-genus="callGetterMethod">
			<LangSpecProperties>
				<LangSpecProperty key="vm-cmd-name" value="eval-local"></LangSpecProperty>
				<LangSpecProperty key="scope" value="local"></LangSpecProperty>
			</LangSpecProperties>
		</Stub>
		<Stub stub-genus="callBooleanMethod">
			<LangSpecProperties>
				<LangSpecProperty key="vm-cmd-name" value="eval-local"></LangSpecProperty>
				<LangSpecProperty key="scope" value="local"></LangSpecProperty>
			</LangSpecProperties>
		</Stub>
		<Stub stub-genus="callDoubleMethod">
			<LangSpecProperties>
				<LangSpecProperty key="vm-cmd-name" value="eval-local"></LangSpecProperty>
				<LangSpecProperty key="scope" value="local"></LangSpecProperty>
			</LangSpecProperties>
		</Stub>
		<Stub stub-genus="callStringMethod">
			<LangSpecProperties>
				<LangSpecProperty key="vm-cmd-name" value="eval-local"></LangSpecProperty>
				<LangSpecProperty key="scope" value="local"></LangSpecProperty>
			</LangSpecProperties>
		</Stub>
		<Stub stub-genus="callObjectMethod">
			<LangSpecProperties>
				<LangSpecProperty key="vm-cmd-name" value="eval-local"></LangSpecProperty>
				<LangSpecProperty key="scope" value="local"></LangSpecProperty>
			</LangSpecProperties>
		</Stub>
		<Stub stub-genus="getter">
			<LangSpecProperties>
				<LangSpecProperty key="vm-cmd-name" value="eval-local"></LangSpecProperty>
				<LangSpecProperty key="scope" value="local"></LangSpecProperty>
			</LangSpecProperties>
		</Stub>
		<Stub stub-genus="setter">
			<LangSpecProperties>
				<LangSpecProperty key="vm-cmd-name" value="eval-setlocal"></LangSpecProperty>
				<LangSpecProperty key="scope" value="local"></LangSpecProperty>
			</LangSpecProperties>
		</Stub>
	</Stubs>
	<LangSpecProperties>
		<LangSpecProperty key="scope" value="local"></LangSpecProperty>
		<LangSpecProperty key="type" value="object"></LangSpecProperty>
		<LangSpecProperty key="is-owned-by-breed" value="yes"></LangSpecProperty>
		<LangSpecProperty key="is-monitorable" value="yes"></LangSpecProperty>
	</LangSpecProperties>
</BlockGenus>



<BlockGenus name="type-object" kind="function" initlabel="String"
	editable-label="yes" header-label="" footer-label="型" color="16 240 27">
	<BlockConnectors>
		<BlockConnector connector-kind="plug" connector-type="poly"></BlockConnector>
	</BlockConnectors>
</BlockGenus>


<BlockGenus name="local-var-int-number-arrayobject" kind="local-variable"
	initlabel="i" header-label="int[]型の配列を作り、" footer-label="と名付ける"
	editable-label="yes" label-unique="yes" color="230 0 255 ">
	<description>
		<text>
			int型の配列を作ります
		</text>
	</description>
	<BlockConnectors>
		<BlockConnector label="初期値" connector-kind="socket"
			connector-type="object">
			<DefaultArg genus-name="new-arrayobject-numberarray"
				label="int[]"></DefaultArg>
		</BlockConnector>
	</BlockConnectors>
	<Stubs>
		<Stub stub-genus="getter">
			<LangSpecProperties>
				<LangSpecProperty key="vm-cmd-name" value="eval-local"></LangSpecProperty>
				<LangSpecProperty key="scope" value="local"></LangSpecProperty>
			</LangSpecProperties>
		</Stub>
		<Stub stub-genus="setter">
			<LangSpecProperties>
				<LangSpecProperty key="vm-cmd-name" value="eval-setlocal"></LangSpecProperty>
				<LangSpecProperty key="scope" value="local"></LangSpecProperty>
			</LangSpecProperties>
		</Stub>
        <Stub stub-genus="getter-arrayelement">
			<LangSpecProperties>
				<LangSpecProperty key="vm-cmd-name" value="eval-setlocal"></LangSpecProperty>
				<LangSpecProperty key="scope" value="local"></LangSpecProperty>
			</LangSpecProperties>
		</Stub>
		<Stub stub-genus="setter-arrayelement">
			<LangSpecProperties>
				<LangSpecProperty key="vm-cmd-name" value="eval-setlocal"></LangSpecProperty>
				<LangSpecProperty key="scope" value="local"></LangSpecProperty>
			</LangSpecProperties>
		</Stub>
	</Stubs>
	<LangSpecProperties>
		<LangSpecProperty key="scope" value="local"></LangSpecProperty>
		<LangSpecProperty key="type" value="object"></LangSpecProperty>
		<LangSpecProperty key="is-owned-by-breed" value="yes"></LangSpecProperty>
		<LangSpecProperty key="is-monitorable" value="yes"></LangSpecProperty>
	</LangSpecProperties>
</BlockGenus>

<BlockGenus name="private-var-object-color" kind="global-variable"
	initlabel="color" header-label="Color型のインスタンス変数を作り、" footer-label="と名付ける"
	editable-label="yes" label-unique="yes" color="230 0 255 ">
	<description>
		<text>
			Color型のインスタンス変数を宣言します。変数名を設定してください。
		</text>
	</description>
	<BlockConnectors>
		<BlockConnector label="初期値" connector-kind="socket"
			connector-type="object">
		</BlockConnector>
	</BlockConnectors>
	<Stubs>
		<Stub stub-genus="callActionMethod">
			<LangSpecProperties>
				<LangSpecProperty key="vm-cmd-name" value="eval-local"></LangSpecProperty>
				<LangSpecProperty key="scope" value="local"></LangSpecProperty>
			</LangSpecProperties>
		</Stub>
		<Stub stub-genus="callGetterMethod">
			<LangSpecProperties>
				<LangSpecProperty key="vm-cmd-name" value="eval-local"></LangSpecProperty>
				<LangSpecProperty key="scope" value="local"></LangSpecProperty>
			</LangSpecProperties>
		</Stub>
		<Stub stub-genus="callBooleanMethod">
			<LangSpecProperties>
				<LangSpecProperty key="vm-cmd-name" value="eval-local"></LangSpecProperty>
				<LangSpecProperty key="scope" value="local"></LangSpecProperty>
			</LangSpecProperties>
		</Stub>
		<Stub stub-genus="callDoubleMethod">
			<LangSpecProperties>
				<LangSpecProperty key="vm-cmd-name" value="eval-local"></LangSpecProperty>
				<LangSpecProperty key="scope" value="local"></LangSpecProperty>
			</LangSpecProperties>
		</Stub>
		<Stub stub-genus="callStringMethod">
			<LangSpecProperties>
				<LangSpecProperty key="vm-cmd-name" value="eval-local"></LangSpecProperty>
				<LangSpecProperty key="scope" value="local"></LangSpecProperty>
			</LangSpecProperties>
		</Stub>
		<Stub stub-genus="callObjectMethod">
			<LangSpecProperties>
				<LangSpecProperty key="vm-cmd-name" value="eval-local"></LangSpecProperty>
				<LangSpecProperty key="scope" value="local"></LangSpecProperty>
			</LangSpecProperties>
		</Stub>
		<Stub stub-genus="getter">
			<LangSpecProperties>
				<LangSpecProperty key="vm-cmd-name" value="eval-local"></LangSpecProperty>
				<LangSpecProperty key="scope" value="local"></LangSpecProperty>
			</LangSpecProperties>
		</Stub>
		<Stub stub-genus="setter">
			<LangSpecProperties>
				<LangSpecProperty key="vm-cmd-name" value="eval-setlocal"></LangSpecProperty>
				<LangSpecProperty key="scope" value="local"></LangSpecProperty>
			</LangSpecProperties>
		</Stub>
	</Stubs>
	<LangSpecProperties>
		<LangSpecProperty key="scope" value="local"></LangSpecProperty>
		<LangSpecProperty key="type" value="object"></LangSpecProperty>
		<LangSpecProperty key="is-owned-by-breed" value="yes"></LangSpecProperty>
		<LangSpecProperty key="is-monitorable" value="yes"></LangSpecProperty>
	</LangSpecProperties>
</BlockGenus>

<BlockGenus name="local-var-object-color" kind="local-variable"
	initlabel="color" header-label="Color型の変数を作り、" footer-label="と名付ける"
	editable-label="yes" label-unique="yes" color="230 0 255 ">
	<description>
		<text>
			Color型のローカル変数を宣言します。変数名を設定してください。
		</text>
	</description>
	<BlockConnectors>
		<BlockConnector label="初期値" connector-kind="socket"
			connector-type="object">
		</BlockConnector>
	</BlockConnectors>
	<Stubs>
		<Stub stub-genus="callActionMethod">
			<LangSpecProperties>
				<LangSpecProperty key="vm-cmd-name" value="eval-local"></LangSpecProperty>
				<LangSpecProperty key="scope" value="local"></LangSpecProperty>
			</LangSpecProperties>
		</Stub>
		<Stub stub-genus="callGetterMethod">
			<LangSpecProperties>
				<LangSpecProperty key="vm-cmd-name" value="eval-local"></LangSpecProperty>
				<LangSpecProperty key="scope" value="local"></LangSpecProperty>
			</LangSpecProperties>
		</Stub>
		<Stub stub-genus="callBooleanMethod">
			<LangSpecProperties>
				<LangSpecProperty key="vm-cmd-name" value="eval-local"></LangSpecProperty>
				<LangSpecProperty key="scope" value="local"></LangSpecProperty>
			</LangSpecProperties>
		</Stub>
		<Stub stub-genus="callDoubleMethod">
			<LangSpecProperties>
				<LangSpecProperty key="vm-cmd-name" value="eval-local"></LangSpecProperty>
				<LangSpecProperty key="scope" value="local"></LangSpecProperty>
			</LangSpecProperties>
		</Stub>
		<Stub stub-genus="callStringMethod">
			<LangSpecProperties>
				<LangSpecProperty key="vm-cmd-name" value="eval-local"></LangSpecProperty>
				<LangSpecProperty key="scope" value="local"></LangSpecProperty>
			</LangSpecProperties>
		</Stub>
		<Stub stub-genus="callObjectMethod">
			<LangSpecProperties>
				<LangSpecProperty key="vm-cmd-name" value="eval-local"></LangSpecProperty>
				<LangSpecProperty key="scope" value="local"></LangSpecProperty>
			</LangSpecProperties>
		</Stub>
		<Stub stub-genus="getter">
			<LangSpecProperties>
				<LangSpecProperty key="vm-cmd-name" value="eval-local"></LangSpecProperty>
				<LangSpecProperty key="scope" value="local"></LangSpecProperty>
			</LangSpecProperties>
		</Stub>
		<Stub stub-genus="setter">
			<LangSpecProperties>
				<LangSpecProperty key="vm-cmd-name" value="eval-setlocal"></LangSpecProperty>
				<LangSpecProperty key="scope" value="local"></LangSpecProperty>
			</LangSpecProperties>
		</Stub>
	</Stubs>
	<LangSpecProperties>
		<LangSpecProperty key="scope" value="local"></LangSpecProperty>
		<LangSpecProperty key="type" value="object"></LangSpecProperty>
		<LangSpecProperty key="is-owned-by-breed" value="yes"></LangSpecProperty>
		<LangSpecProperty key="is-monitorable" value="yes"></LangSpecProperty>
	</LangSpecProperties>
</BlockGenus>


<BlockGenus name="private-final-var-object-color" kind="global-variable"
	initlabel="color" header-label="Color型の定数を作り、" footer-label="と名付ける"
	editable-label="yes" label-unique="yes" color="230 0 255 ">
	<description>
		<text>
			Color型のローカル変数を宣言します。変数名を設定してください。
		</text>
	</description>
	<BlockConnectors>
		<BlockConnector label="初期値" connector-kind="socket"
			connector-type="object">
		</BlockConnector>
	</BlockConnectors>
	<Stubs>
		<Stub stub-genus="callActionMethod">
			<LangSpecProperties>
				<LangSpecProperty key="vm-cmd-name" value="eval-local"></LangSpecProperty>
				<LangSpecProperty key="scope" value="local"></LangSpecProperty>
			</LangSpecProperties>
		</Stub>
		<Stub stub-genus="getter">
			<LangSpecProperties>
				<LangSpecProperty key="vm-cmd-name" value="eval-local"></LangSpecProperty>
				<LangSpecProperty key="scope" value="local"></LangSpecProperty>
			</LangSpecProperties>
		</Stub>
	</Stubs>
	<LangSpecProperties>
		<LangSpecProperty key="scope" value="local"></LangSpecProperty>
		<LangSpecProperty key="type" value="object"></LangSpecProperty>
		<LangSpecProperty key="is-owned-by-breed" value="yes"></LangSpecProperty>
		<LangSpecProperty key="is-monitorable" value="yes"></LangSpecProperty>
	</LangSpecProperties>
</BlockGenus>


<BlockGenus name="local-var-extentobject" kind="local-variable"
	initlabel="t" header-label="ListからObject型の要素を取り出し、" footer-label="と名付ける"
	editable-label="yes" label-unique="yes" color="230 0 255 ">
	<description>
		<text>
			オブジェクト型のローカル変数を宣言します。変数名を設定してください。
		</text>
	</description>
	<BlockConnectors>
		<BlockConnector label="初期値" connector-kind="socket"
			connector-type="object">
			<DefaultArg genus-name="new-object" label="Turtle"></DefaultArg>
		</BlockConnector>
	</BlockConnectors>
	<Stubs>
		<Stub stub-genus="callActionMethod">
			<LangSpecProperties>
				<LangSpecProperty key="vm-cmd-name" value="eval-local"></LangSpecProperty>
				<LangSpecProperty key="scope" value="local"></LangSpecProperty>
			</LangSpecProperties>
		</Stub>
		<Stub stub-genus="callGetterMethod">
			<LangSpecProperties>
				<LangSpecProperty key="vm-cmd-name" value="eval-local"></LangSpecProperty>
				<LangSpecProperty key="scope" value="local"></LangSpecProperty>
			</LangSpecProperties>
		</Stub>
		<Stub stub-genus="callBooleanMethod">
			<LangSpecProperties>
				<LangSpecProperty key="vm-cmd-name" value="eval-local"></LangSpecProperty>
				<LangSpecProperty key="scope" value="local"></LangSpecProperty>
			</LangSpecProperties>
		</Stub>
		<Stub stub-genus="callDoubleMethod">
			<LangSpecProperties>
				<LangSpecProperty key="vm-cmd-name" value="eval-local"></LangSpecProperty>
				<LangSpecProperty key="scope" value="local"></LangSpecProperty>
			</LangSpecProperties>
		</Stub>
		<Stub stub-genus="callStringMethod">
			<LangSpecProperties>
				<LangSpecProperty key="vm-cmd-name" value="eval-local"></LangSpecProperty>
				<LangSpecProperty key="scope" value="local"></LangSpecProperty>
			</LangSpecProperties>
		</Stub>
		<Stub stub-genus="callObjectMethod">
			<LangSpecProperties>
				<LangSpecProperty key="vm-cmd-name" value="eval-local"></LangSpecProperty>
				<LangSpecProperty key="scope" value="local"></LangSpecProperty>
			</LangSpecProperties>
		</Stub>
		<Stub stub-genus="getter">
			<LangSpecProperties>
				<LangSpecProperty key="vm-cmd-name" value="eval-local"></LangSpecProperty>
				<LangSpecProperty key="scope" value="local"></LangSpecProperty>
			</LangSpecProperties>
		</Stub>
		<Stub stub-genus="setter">
			<LangSpecProperties>
				<LangSpecProperty key="vm-cmd-name" value="eval-setlocal"></LangSpecProperty>
				<LangSpecProperty key="scope" value="local"></LangSpecProperty>
			</LangSpecProperties>
		</Stub>
	</Stubs>
	<LangSpecProperties>
		<LangSpecProperty key="scope" value="local"></LangSpecProperty>
		<LangSpecProperty key="type" value="object"></LangSpecProperty>
		<LangSpecProperty key="is-owned-by-breed" value="yes"></LangSpecProperty>
		<LangSpecProperty key="is-monitorable" value="yes"></LangSpecProperty>
	</LangSpecProperties>
</BlockGenus>




