<?xml version="1.0" encoding="UTF-8"?>
<ConvertList>
	<Item>
		<UniModel unimodel="UniMethodCall">
			<name>println</name>
			<receiver unimodel="UniFieldAccess">
				<name>out</name>
				<receiver unimodel="UniIdent">
					<name>System</name>
				</receiver>
			</receiver>
		</UniModel>
		<GenusName>cui-println[@string]</GenusName>
	</Item>

	<Item>
		<UniModel unimodel="UniMethodCall">
			<name>print</name>
			<receiver unimodel="UniFieldAccess">
				<name>out</name>
				<receiver unimodel="UniIdent">
					<name>System</name>
				</receiver>
			</receiver>
		</UniModel>
		<GenusName>cui-print[@string]</GenusName>
	</Item>

	<Item>
		<UniModel unimodel="UniMethodCall">
			<name>size</name>
			<receiver unimodel="UniFieldAccess">
				<name>window</name>
			</receiver>
		</UniModel>
		<GenusName>TurtleFrame-size[@int@int]</GenusName>
	</Item>

	<Item>
		<UniModel unimodel="UniMethodCall">
			<name>random</name>
			<receiver unimodel="UniIdent">
				<name>Math</name>
			</receiver>
		</UniModel>
		<GenusName>Math-random[]</GenusName>
	</Item>

	<Item>
		<UniModel unimodel="UniMethodCall">
			<name>startTurtle</name>
			<receiver unimodel="UniIdent">
				<name>Turtle</name>
			</receiver>
		</UniModel>
		<GenusName>Turtle-startTurtle[@object@object]</GenusName>
	</Item>
</ConvertList>