<?xml version="1.0" encoding="UTF-8"?>

<BlockGenus name="turtleclass" kind="data" initlabel="turtle"
	editable-label="yes" is-label-value="yes" color="255 0 255">
	<description>
		<text>
			記述した値を使用します。
		</text>
	</description>
	<BlockConnectors>
		<BlockConnector connector-kind="plug" connector-type="number"
			position-type="mirror"></BlockConnector>
	</BlockConnectors>
	<LangSpecProperties>
		<LangSpecProperty key="vm-cmd-name" value="eval-num"></LangSpecProperty>
		<LangSpecProperty key="is-monitorable" value="yes"></LangSpecProperty>
	</LangSpecProperties>
</BlockGenus>
