<?xml version="1.0" encoding="UTF-8"?>
<!DOCTYPE BlockLangDef SYSTEM "lang_def.dtd">

<BlockLangDef>

	<BlockConnectorShapes>
		&lang_def_connectorshapes;
	</BlockConnectorShapes>

	<BlockDrawerSets>
		&lang_def_menu_turtle;
	</BlockDrawerSets>

	<BlockGenuses>
		&lang_def_genuses;
	</BlockGenuses>

	<BlockFamilies>
		&lang_def_families;
	</BlockFamilies>
	
	<TrashCan>
		<OpenTrashImage>/ext/block/images/trash_open.png</OpenTrashImage>
		<ClosedTrashImage>/ext/block/images/trash.png</ClosedTrashImage>
	</TrashCan>


	<Pages drawer-with-page="yes">
		<Page page-name="BlockEditor" page-width="400"></Page>
	</Pages>

</BlockLangDef>
